group,bin,window_hour,clock,n_drivers,n_plugged,share_plugged,power_kw_per_ev,power_alap_kw_per_ev,connected_kw_per_ev,energy_to_target_kwh_per_ev,energy_left_asap_kwh_per_ev,energy_left_alap_kwh_per_ev,shiftable_kwh_per_ev,soc_fleet,soc_mean,soc_p5,soc_p50,soc_p95,hours_to_plug_out_mean,flexible_hours_mean,n_plugged_run_p5,share_plugged_run_p5,power_kw_per_ev_run_p5,power_alap_kw_per_ev_run_p5,connected_kw_per_ev_run_p5,energy_to_target_kwh_per_ev_run_p5,energy_left_asap_kwh_per_ev_run_p5,energy_left_alap_kwh_per_ev_run_p5,shiftable_kwh_per_ev_run_p5,soc_fleet_run_p5,soc_mean_run_p5,soc_p5_run_p5,soc_p50_run_p5,soc_p95_run_p5,hours_to_plug_out_mean_run_p5,flexible_hours_mean_run_p5,n_plugged_run_p95,share_plugged_run_p95,power_kw_per_ev_run_p95,power_alap_kw_per_ev_run_p95,connected_kw_per_ev_run_p95,energy_to_target_kwh_per_ev_run_p95,energy_left_asap_kwh_per_ev_run_p95,energy_left_alap_kwh_per_ev_run_p95,shiftable_kwh_per_ev_run_p95,soc_fleet_run_p95,soc_mean_run_p95,soc_p5_run_p95,soc_p50_run_p95,soc_p95_run_p95,hours_to_plug_out_mean_run_p95,flexible_hours_mean_run_p95
All drivers,0,0.0,12:00,1000,156.825,0.15682500000000002,0.128681717674125,0.31410578115359444,1.097775,0.24608365958769643,0.19156153165890333,1.1627099806260919,0.9711484489671885,0.8595601045629165,0.8599630877256655,0.6799234318460001,0.8755301921126742,1.0,5.251713400574855,4.965436189939822,139.0,0.139,0.08641631472410129,0.24932842412101144,0.973,0.11781530524101023,0.0842855911587572,0.9421468647316404,0.7952517174906704,0.8435140967308573,0.8449201151261033,0.6,0.85,1.0,4.763758790064699,4.454033086495246,171.0,0.171,0.17205066081408063,0.38209023647474644,1.197,0.3995722117196069,0.3106841436563728,1.4083197639926834,1.150358796252627,0.875960161751053,0.8752392124451084,0.734621052113802,0.9,1.0,5.819830348471731,5.500089578073811
All drivers,1,0.5,12:30,1000,148.095,0.148095,0.1451357438873363,0.2886290557051655,1.036665,0.29119626428322015,0.2290084438064128,1.1184228058044476,0.8894143619980348,0.8532694053374543,0.8539439041655329,0.6605679919760741,0.8680234346203352,1.0,5.634999464871811,5.2789479502294485,130.0,0.13,0.09969456140858517,0.23035624907598773,0.91,0.15257563940322524,0.1111266019746173,0.8907002481411915,0.7189543890852923,0.8362581251823296,0.837222221629516,0.5844613667967018,0.85,1.0,5.02275577828431,4.7207881606121544,164.0,0.164,0.19388893059979917,0.3522640680379078,1.148,0.45386062678365074,0.3652493675386671,1.358069858643233,1.0518380092602047,0.8690445498545452,0.8691215923338199,0.7207566431845158,0.9,1.0,6.340245385878395,5.901765965114668
All drivers,2,1.0,13:00,1000,141.585,0.141585,0.16769086853875678,0.2681533634509257,0.991095,0.3388658817233516,0.26996286489296384,1.0980558536969312,0.8280929888039671,0.8472086120005763,0.8482183014071353,0.6292391663672485,0.8640737945129355,1.0,6.0944388747161895,5.664326390416364,123.0,0.123,0.1208443105089472,0.21088758076689365,0.861,0.1803098823191459,0.12700448012587082,0.8603406620334745,0.6721218705323986,0.8262641607152253,0.8307859440774656,0.5249011938928746,0.85,1.0,5.438361153939163,4.997506805520106,159.0,0.159,0.21772342081695534,0.3204723604441764,1.113,0.5211064734064439,0.4068272167340916,1.344350606648962,0.9861858019613706,0.8638828761826188,0.8646379741501986,0.7,0.9,1.0,6.794902883705605,6.3537117168661315
All drivers,3,1.5,13:30,1000,138.095,0.138095,0.1911674675994648,0.255264014562716,0.966665,0.39380705270891625,0.3175260292463856,1.105117539933499,0.7875915106871132,0.84061588312948,0.8420617548320583,0.6068018193151764,0.8573347058225089,1.0,6.6645373184191286,6.15076924795968,122.0,0.122,0.1405703304400894,0.20267275766356727,0.854,0.2355841761822397,0.175995971638092,0.8810020760000234,0.6339571376371096,0.8218825848470791,0.8238815523606786,0.4999797833595232,0.85,1.0,5.905404339361208,5.395557287565409,154.0,0.154,0.23498478155837557,0.316750483180443,1.078,0.5594765120482963,0.4630658301787797,1.3255655434916964,0.9406350011203963,0.8606905789772482,0.8603007704078413,0.7,0.9,1.0,7.38210865549957,6.829616571698216
All drivers,4,2.0,14:00,1000,138.31,0.13831,0.2219797692922703,0.24222258221883985,0.96817,0.4739356789642835,0.39534930411562014,1.1612383388927767,0.7658890347771566,0.8348095847769614,0.8367212468012208,0.5734508774948164,0.856287961682317,1.0,7.495879619939145,6.873904102687951,122.0,0.122,0.169276496641103,0.18902953999546954,0.854,0.31007805500028623,0.257523167514917,0.9421974633966085,0.6131845264610405,0.8167885380998618,0.8192178118215299,0.4424939122366046,0.8361670922881393,1.0,6.657389523990893,6.042984234848756,154.0,0.154,0.2744565466347747,0.30155003693704735,1.078,0.6509345820269485,0.553592656474638,1.4453373943517605,0.9179236697284906,0.8526390673455714,0.8542106122176453,0.6705423162602426,0.899289373497461,1.0,8.23213105166838,7.6587238314850445
All drivers,5,2.5,14:30,1000,140.81,0.14081,0.2514393701482603,0.23866050330546912,0.9856699999999999,0.5523590686653059,0.4714089560834398,1.2360291975791349,0.764620241495695,0.8281119223306037,0.8306316466380589,0.5419918033434371,0.8508151068965394,1.0,8.187965445104476,7.48407448465972,125.0,0.125,0.18786788482917408,0.18492223594413684,0.875,0.35727655260190766,0.306259407368746,1.016047294124281,0.6298650014710273,0.8095815254563362,0.8128446312122232,0.40709954635112755,0.8081145851043967,1.0,7.3215436712641715,6.674640760422822,156.0,0.156,0.30777569931368337,0.2911826262608346,1.092,0.7551236127704714,0.637178414924817,1.5011910596599454,0.9188969820718363,0.847939444610148,0.8488350022815474,0.655247058979497,0.8869943460597288,1.0,9.070534900541766,8.29135754853164
All drivers,6,3.0,15:00,1000,147.27,0.14727,0.304435003747295,0.22853482476675446,1.03089,0.7004665846088658,0.6175490123296966,1.4006227084658514,0.7830736961361547,0.8163239495088592,0.8194670560450932,0.4949550999272451,0.8422645551591414,1.0,9.148489265157103,8.307045104998343,129.0,0.129,0.24083598540175732,0.1738572473643312,0.903,0.49378287124147424,0.4215803723187796,1.1295585310934828,0.6472455464927578,0.7932094185144133,0.7993248605981166,0.3563613319643195,0.8,1.0,8.156971248733875,7.45508276759515,164.0,0.164,0.36579076858780873,0.2784086183449992,1.148,0.9080419985317439,0.8020737086388212,1.682856992523302,0.9409761471039783,0.838518447308965,0.8409718935648913,0.6126970009312063,0.8715399008328777,1.0,10.027404993470219,9.13718949066867
All drivers,7,3.5,15:30,1000,157.94,0.15794,0.37393001840992157,0.2136502709325204,1.10558,0.8806026010388649,0.7969093974363973,1.6401034824256533,0.8431940849892561,0.8059911979717773,0.8099090544923615,0.45938853155842724,0.8338248556370615,1.0,10.195476349951079,9.213760887157123,141.0,0.141,0.3084119451752383,0.16866966908074119,0.987,0.6404133869501669,0.587098273186286,1.3460436546664245,0.7037767562253002,0.7850467128324302,0.7899397938182041,0.336149251571971,0.8,1.0,9.131503081988743,8.255034394395064,176.0,0.176,0.44733708076346934,0.2618772230442193,1.232,1.1152888568002903,0.9875772627857519,1.9443354571588314,1.003636628093047,0.8268905080527331,0.830686566852331,0.5768070259072082,0.85,1.0,11.006862771869391,9.98711774497942
All drivers,8,4.0,16:00,1000,177.325,0.177325,0.4775068873877701,0.20471197913992178,1.241275,1.1476027740184203,1.056427718743875,2.0033919281578805,0.9469642094140057,0.793598423989731,0.7981049541999802,0.41586895039800986,0.8223661852510166,1.0,11.160931563525498,10.02961132887154,158.0,0.158,0.40187313374100225,0.1516358428416543,1.106,0.8585911508975221,0.8028852833691245,1.657290202855532,0.7890006607814999,0.773237128019401,0.7791184526897744,0.30926731204918,0.8,1.0,10.258349550001963,9.170218271868114,196.0,0.196,0.5573837446311574,0.2592310849119322,1.372,1.4440581399981176,1.3324606031973876,2.3961370850710924,1.1004991950925462,0.8156870049793558,0.8197557878602217,0.521199079235804,0.85,1.0,12.003473807330572,10.759317607083425
All drivers,9,4.5,16:30,1000,200.41,0.20041,0.5915558176991004,0.1802592415295612,1.40287,1.4381465866109957,1.3505168485141528,2.4696021661583454,1.1190853176441924,0.7837092835627045,0.7888053726093495,0.3916094528855659,0.8121145584169319,1.0,12.049033770745432,10.799146222223442,181.0,0.181,0.5098131308464279,0.13345206045241134,1.267,1.1639752214585724,1.0510979951396524,2.0739771691078444,0.9466267994444801,0.7657722176729861,0.7710227857937683,0.2894965669138027,0.8,1.0,11.228278305282346,10.06705393172859,223.0,0.223,0.6821065484289154,0.2293927944765582,1.561,1.7671138908775281,1.680163980228922,2.8706118340475992,1.3022390197264728,0.8035522787444015,0.8076104131371646,0.4885595621674121,0.85,1.0,12.824003921031364,11.483871479357271
All drivers,10,5.0,17:00,1000,232.045,0.232045,0.7309962969317999,0.15111484828952065,1.624315,1.812353813690939,1.7337824662963521,3.095811903176691,1.3620294368803392,0.7752103130202705,0.7806575982580855,0.3668068731556211,0.8065681406709185,1.0,12.742607080071418,11.386418632141226,212.0,0.212,0.6316821263486898,0.10304551452591194,1.484,1.4901091555726922,1.3925693014898006,2.6724688414147186,1.1798206711697465,0.7558480578500756,0.7623930075669856,0.27359323702395666,0.8,1.0,12.146879680504528,10.801235780732654,253.0,0.253,0.8195389861695157,0.20275131604792881,1.771,2.1353229597724948,2.0529159956868015,3.544245250663289,1.5725953090309037,0.7937013754203494,0.799288866581781,0.46076275908773384,0.8382363106220927,1.0,13.37809147821464,12.021540904898483
All drivers,11,5.5,17:30,1000,275.015,0.275015,0.9000979988788153,0.12887249925846986,1.925105,2.2210783613104486,2.1565964643798394,3.8588334139869573,1.702236949607118,0.7715355888857968,0.7770138268385973,0.3601271877953907,0.8037389514214849,0.9999956713675856,13.133153463691544,11.729433112320109,253.0,0.253,0.7873938148534246,0.08915847732265682,1.771,1.8117450848953733,1.7501670612809948,3.3469975991932066,1.4838698282683311,0.7548356105430327,0.7603531010270076,0.2875963998481639,0.8,1.0,12.577797724290079,11.199060089974349,298.0,0.298,0.999024527188112,0.1764609707659464,2.086,2.596187732345033,2.528202414664503,4.378892082407043,1.9434373065843067,0.7905569629089059,0.7939642888085637,0.444439264018278,0.8250863260838223,1.0,13.603564978516257,12.295766496845994
All drivers,12,6.0,18:00,1000,318.8,0.3188,1.0335752674649548,0.10598669493948185,2.2316,2.585019748646752,2.5294219265960978,4.657901264606761,2.128479338010664,0.771205375357415,0.7767045609279251,0.35312303054787153,0.8029287897845595,1.0,13.258929024073588,11.84943993934276,297.0,0.297,0.9192997664078411,0.07244538468218917,2.079,2.157585885939473,2.1361496076558404,4.145322222842865,1.8891678522078774,0.7555295773385898,0.7612316502454867,0.2805815540829849,0.8,1.0,12.813803078163232,11.451870889366166,342.0,0.342,1.1315809515975648,0.1487420269869737,2.394,3.0128050821223624,2.9586581571436485,5.24679849199806,2.3864868196304614,0.7877584618360511,0.7927934627392035,0.42470203695287023,0.8203415014527516,1.0,13.704642018693347,12.302178199513886
All drivers,13,6.5,18:30,1000,364.64,0.36463999999999996,1.149364185394866,0.08843868838941155,2.55248,2.8840444716414146,2.8424804673626833,5.468875725316052,2.6263952579533685,0.7737162921505368,0.7791483311777365,0.35841959944511925,0.8036692345651535,1.0,13.184988393660541,11.809855838945545,342.0,0.342,1.0446673379625047,0.05656866917855344,2.394,2.475597243038065,2.4551179066256426,4.954575226312974,2.3577828508749885,0.7578651265660631,0.7645954241306739,0.29032574579894943,0.8,1.0,12.846786871492643,11.450708434564536,387.0,0.387,1.2545206369771684,0.11990429108437545,2.709,3.2949619874547,3.2561990780190464,6.010122758250602,2.9073095343056377,0.7869918842605842,0.7923113171237368,0.43438434537977555,0.8217496120603122,1.0,13.504705417352286,12.157225369668167
All drivers,14,7.0,19:00,1000,410.265,0.410265,1.2369149762785558,0.07228874272057395,2.871855,3.1276494808576647,3.0941429114329195,6.279985361775219,3.185842450342298,0.7777293091575674,0.782994283322646,0.36610153354670244,0.8038465869743701,1.0,13.003901879679958,11.677364775683532,388.0,0.388,1.1270291018331346,0.04413711195370345,2.716,2.73681815319468,2.693650265392505,5.776035600693737,2.908847423803449,0.7622253858047228,0.767935743636075,0.29786824369142423,0.8,1.0,12.768954764304244,11.399108248518981,433.0,0.433,1.345844527309036,0.10214165932628144,3.031,3.588071878325897,3.584473805536901,6.876352055953855,3.5003826305187964,0.7915675186524086,0.7960911177550203,0.4286314127478121,0.8196179764359802,1.0,13.278130882214453,12.001453112139261
All drivers,15,7.5,19:30,1000,455.425,0.455425,1.3034810995064823,0.05899109435242518,3.1879750000000002,3.29212593620075,3.2674931443726085,7.055903678447646,3.7884105340750365,0.7832689767228597,0.7883093416654237,0.3788918911512978,0.8082845754766617,1.0,12.74091773030892,11.481889794724916,433.0,0.433,1.191620732605215,0.03152812583507846,3.031,2.8582387813690175,2.823396790037807,6.52277674652405,3.4792231187375298,0.7698082881370903,0.775475414861745,0.31138543117156736,0.8,1.0,12.502048143612368,11.201883491958396,478.0,0.478,1.4105893987250198,0.08705550410480073,3.346,3.7619739928516953,3.7354243207652327,7.618367679296753,4.113707791960072,0.7977032970673942,0.8017982468213877,0.44569732742458523,0.8328287009532495,1.0,12.952186670461918,11.782930435623129
All drivers,16,8.0,20:00,1000,497.48,0.49748,1.3322367228644567,0.05472294919057813,3.48236,3.342378902701779,3.32552382933195,7.750249653830091,4.42472582449814,0.790013737611349,0.7947333692585719,0.39771993714622106,0.8149960500549477,1.0,12.397715827769975,11.22590014887238,476.0,0.476,1.2340168568360619,0.028574590290619196,3.332,2.9036211631022906,2.9004559747595904,7.150402385913209,4.118542901280045,0.7790101996912092,0.7838724702409564,0.34141370274948274,0.8,1.0,12.16562450379132,10.946402338602066,518.0,0.518,1.4591225328907527,0.08564872764606135,3.626,3.7522257250485875,3.722130103761383,8.30711695091677,4.785163655205672,0.8022167453333844,0.8061603270521912,0.45573892837430635,0.8470626602885203,1.0,12.602023061164607,11.491305512397776
All drivers,17,8.5,20:30,1000,537.78,0.53778,1.335011545007091,0.06127325278999725,3.76446,3.3351121225668208,3.3207961683538945,8.381788450172131,5.060992281818235,0.7973638488121938,0.801806327842971,0.41496762650926405,0.8270252850737869,1.0,11.973061662153178,10.887570466115223,514.0,0.514,1.2222218650216137,0.034322631648842264,3.598,2.858097352069224,2.848962765298001,7.816087762178981,4.723342755955699,0.7871728819227226,0.7912853039337231,0.36037607344145683,0.8,1.0,11.759460278886165,10.628126492082426,559.0,0.559,1.458552855627927,0.09072715563333474,3.913,3.724471902590796,3.704802075462621,8.991689157218222,5.428889557956264,0.8091219312064494,0.8129602551961389,0.47532190943736347,0.85,1.0,12.169433740156007,11.113507713271998
All drivers,18,9.0,21:00,1000,577.34,0.57734,1.3336999749653404,0.0733252092082906,4.04138,3.2846414677068405,3.2715010059066234,8.969869566651106,5.69836856074448,0.8039406303447025,0.8079472810041141,0.439852029430996,0.8369475793787281,1.0,11.547554853284373,10.551350733215793,551.0,0.551,1.20456760062146,0.04084004082583528,3.857,2.831818418647285,2.8242562738353802,8.294398207851001,5.3514010440304,0.7924368554812504,0.7965704642123757,0.3865616997767274,0.8,1.0,11.354390223726572,10.342465002383644,598.0,0.598,1.4602252303354941,0.10243376852438003,4.186,3.742706239996669,3.7343356488448674,9.616983446399434,6.072283581490491,0.813542089604613,0.8174681479617427,0.49312768117368777,0.85,1.0,11.7437858146048,10.767727484102007
All drivers,19,9.5,21:30,1000,610.11,0.6101099999999999,1.2885770388849178,0.09292652170865633,4.27077,3.1492903689518683,3.137128942675413,9.450630771937067,6.313501829261653,0.8112072346242044,0.8148633139992231,0.46300204366578923,0.8454699644888322,1.0,11.093672040295571,10.186550507240092,586.0,0.586,1.1628389571241347,0.05713861225816868,4.102,2.7527765836864893,2.7315879234354585,8.815446199805956,5.934116216020157,0.8005928907399726,0.8045192614641732,0.41352690272292913,0.8201269588612705,1.0,10.907380629753899,9.979850102849305,631.0,0.631,1.4159537141709677,0.12793587259052097,4.417,3.561423584483064,3.5463806480292113,10.006967661900052,6.701359780793295,0.8208451300669927,0.8239578660969421,0.5155159826564367,0.85,1.0,11.268458061872279,10.398953172522182
All drivers,20,10.0,22:00,1000,638.065,0.638065,1.219644152605315,0.11799572518997936,4.466455,2.9624397424204663,2.9490161691235404,9.839895735290423,6.8908795661668805,0.8186163037813929,0.8219536962304191,0.4883479160523027,0.8489000158581996,1.0,10.652189044455033,9.832090246909605,615.0,0.615,1.0894982718189057,0.08099454521069212,4.305,2.568177184306124,2.565475148322227,9.235697414541384,6.49275193626612,0.8080464534968558,0.8122866156403882,0.4374208765489327,0.8426466619930761,1.0,10.457166065951137,9.635940615641967,658.0,0.658,1.3424915605325978,0.1602245548042138,4.606,3.405523883973543,3.396760503544801,10.435729626456643,7.296414790408375,0.8273559411987463,0.8302489878302832,0.5368737188363272,0.85,1.0,10.84516122917507,10.038982916413724
All drivers,21,10.5,22:30,1000,660.965,0.660965,1.1405738463051494,0.15122903378487118,4.626755,2.728473717323985,2.713424989547126,10.12623887442799,7.412813884880864,0.8256890038404434,0.8286125889753255,0.5165834108436629,0.8500930032461739,1.0,10.199346855027242,9.467719093514091,639.0,0.639,1.0294031845535307,0.10620728373382281,4.473,2.3740286565721114,2.3610626859929296,9.534000461152191,6.997049685895886,0.8162708508897749,0.8197121537687316,0.4670478701402658,0.85,1.0,10.014005093420858,9.258287386253388,679.0,0.679,1.2570612757950756,0.20247233155613653,4.753,3.147416004262519,3.144183823927427,10.754047769482808,7.835515444658948,0.8336868791114588,0.8360853314456342,0.5650276248042212,0.85,1.0,10.372704532805216,9.675675970361981
All drivers,22,11.0,23:00,1000,679.315,0.679315,1.043266228798218,0.18983868736310952,4.755205,2.4451477520318194,2.4278335789236003,10.304670694021613,7.876837115098011,0.8328472477798128,0.83538342502465,0.5490785779340221,0.8505665137936849,1.0,9.749042561583874,9.108641551224034,657.0,0.657,0.9367305667820662,0.1386571795365794,4.599,2.0880908602655497,2.0880908602655497,9.75083099090236,7.449992564746237,0.824905190315838,0.8278345268759829,0.5060606098366356,0.85,1.0,9.573000180455812,8.914392464793474,699.0,0.699,1.1619805288480411,0.24148741219710207,4.893,2.845194260013511,2.828770030576702,10.886844356542076,8.326098883370515,0.8403338145412097,0.8422223776125711,0.5949367291371177,0.85,1.0,9.919730006271973,9.309975180446799
All drivers,23,11.5,23:30,1000,692.58,0.69258,0.9308321839786227,0.23384051304226866,4.84806,2.123042148573562,2.104553422263553,10.369212834514427,8.26465941225087,0.8400245243001134,0.8422035697572378,0.5822127307707706,0.8523674010665971,1.0,9.277236297098533,8.729383687730255,671.0,0.671,0.8304835453520183,0.17893444215302295,4.697,1.8206063052064596,1.794761447134399,9.834705459954785,7.836178677807464,0.8327366644557258,0.8353714134470285,0.5400022840577379,0.85,1.0,9.110285926109766,8.540483861868,709.0,0.709,1.0321082398714303,0.29336655970349046,4.963,2.4908731218230704,2.463439899892041,10.978033850838408,8.764797055962338,0.8468864475884708,0.8484923174247317,0.6175011338308247,0.8658199096700427,1.0,9.447468794715057,8.929262366570889
All drivers,24,12.0,00:00,1000,700.75,0.70075,0.8031360556493019,0.28625578639335425,4.90525,1.810270644741295,1.7901741173604615,10.360088334699764,8.569914217339303,0.8465901517883738,0.8484141923529611,0.6096394879196004,0.8608914676454108,1.0,8.795100409115578,8.33088719418865,679.0,0.679,0.7169187860102983,0.22639303755570608,4.753,1.5253803088349203,1.5147359744496602,9.81904716882694,8.138018861340518,0.8402540775582588,0.8421371214635173,0.5754882189943024,0.85,1.0,8.621946843995726,8.1484288483397,718.0,0.718,0.8994993138994483,0.34156423853972323,5.026,2.1180787539661075,2.1087177464206994,10.862761845032107,9.01591748539598,0.8532471490772636,0.8546257342133214,0.6504768544578845,0.8917134957391106,1.0,8.963926794084049,8.506849041459002
All drivers,25,12.5,00:30,1000,707.135,0.707135,0.6876246565487891,0.34746446804263625,4.9499450000000005,1.5209033359505428,1.499524261448349,10.281830909605663,8.782306648157311,0.852394257199145,0.8538580723318109,0.638398347565686,0.8750153716753374,1.0,8.320891707262245,7.931412366718942,687.0,0.687,0.6086064650560082,0.2860651684486267,4.809,1.2573336340140813,1.2454245285842238,9.768091249338465,8.354638732004716,0.8463528166708397,0.8481525099405198,0.6,0.85,1.0,8.147372274446838,7.749236646961105,724.0,0.724,0.7839591229803569,0.4118069439443682,5.068,1.8139077346147225,1.7927450144940138,10.822934189560321,9.236818691677255,0.8582875062288567,0.859483421483864,0.6823513041694756,0.9,1.0,8.494467084866779,8.107497232616879
All drivers,26,13.0,01:00,1000,712.26,0.71226,0.5888756919117523,0.41695389261034144,4.98582,1.2652497678664365,1.2430421983081492,10.154218155369197,8.911175957061047,0.8575434367622539,0.8586936040629962,0.668643430714837,0.8894617688310319,1.0,7.840525569376593,7.515500095054268,691.0,0.691,0.5099981164877294,0.3506308967222676,4.837,1.0228195108686815,1.0024848704064457,9.631460949301147,8.474141802971003,0.8521223904506054,0.8534950238557449,0.6251865699010114,0.85,1.0,7.676872945403944,7.330823688254698,729.0,0.729,0.6709456575191975,0.49155170260463116,5.103,1.510043011613862,1.4864421811398645,10.686781012106282,9.39221772784115,0.8629156060825055,0.8637293987783403,0.7,0.9,1.0,8.015005400328342,7.6971524052620355
All drivers,27,13.5,01:30,1000,716.105,0.716105,0.5029621036502016,0.4997435448018443,5.012735,1.0442261860174116,1.0210477053734577,9.974914895819078,8.953867190445619,0.8618138220751744,0.8626770727769337,0.6908802066957535,0.896257100259779,1.0,7.360671776616722,7.0915026909622965,695.0,0.695,0.43114029285409616,0.4252895700639072,4.865,0.8099426498153445,0.7873598348799263,9.483034672410788,8.499313307664305,0.8564808929213623,0.8577631145470878,0.6574699964047105,0.87146445178644,1.0,7.193679189972283,6.910338594735399,733.0,0.733,0.5805143921298009,0.5685810837392595,5.131,1.2811055689015027,1.2370542838296743,10.464218655421705,9.452345269026338,0.8668626444204828,0.8673305027985188,0.7,0.9,1.0,7.535826072391587,7.264958069716781
All drivers,28,14.0,02:00,1000,722.32,0.72232,0.4410380749762624,0.5928961129904355,5.05624,0.88451677359711,0.8599315477125118,9.776955755750325,8.917024208037814,0.8647217156763024,0.8652900713877202,0.6981638270616588,0.8984464952423733,1.0,6.8856773437322785,6.659230655686399,701.0,0.701,0.37420717028732126,0.5065437011680775,4.907,0.6866969115480546,0.662861845842647,9.274141053220726,8.476775169542883,0.8600105092161361,0.8604711072289327,0.685936051047757,0.8895694292372268,1.0,6.7292194829043,6.4811242219318075,739.0,0.739,0.515212409840684,0.6726984763916245,5.173,1.101256276650242,1.056395258268373,10.261322207749272,9.394759993669053,0.8690320646925901,0.8692357123753138,0.7,0.9,1.0,7.058185826644671,6.835936520075476
All drivers,29,14.5,02:30,1000,725.055,0.725055,0.3722030096376592,0.7002274705590236,5.075385,0.7168071472041181,0.6905405681424134,9.489054776911251,8.798514208768838,0.867912379792831,0.868286621674523,0.6998289611392059,0.8994421509336213,1.0,6.3982246458375664,6.2132655139353945,703.0,0.703,0.3088909011807705,0.6088051053884649,4.921,0.5337247698450623,0.5226712088544045,9.01301372207791,8.376687696961254,0.863660902502382,0.8642551363685007,0.7,0.9,1.0,6.235218527513915,6.047345474532228,742.0,0.742,0.43674670545013894,0.7930928205798039,5.194,0.9163373898350484,0.8738358715439701,9.97402139317868,9.259842697078794,0.8719036607011661,0.8721314607297177,0.7,0.9,1.0,6.574779907408354,6.397350677942669
All drivers,30,15.0,03:00,1000,725.385,0.725385,0.3030113780140333,0.8183469326596172,5.077695,0.569642712304174,0.5427502639673701,9.13059611441967,8.587845850452302,0.8707357624833193,0.8709513120643507,0.7003027252492806,0.8998738915833215,1.0,5.910623227492904,5.761760324259614,704.0,0.704,0.2379709597086418,0.7215654792195353,4.928,0.4169085356800152,0.38343499663840686,8.65723980522174,8.17809565445574,0.8667020730401959,0.8671825856209096,0.7,0.9,1.0,5.745737318396677,5.586610167412311,742.0,0.742,0.3624498812076935,0.9114587989652364,5.194,0.7452608500296333,0.7011063040738309,9.609574271141378,9.056053790522002,0.8744092901332834,0.8744447457666942,0.7,0.9,1.0,6.096620530755078,5.954428255420241
All drivers,31,15.5,03:30,1000,724.075,0.724075,0.2421773267686229,0.9475429258395773,5.068525,0.4420494078800255,0.41604738859124774,8.698719779022696,8.282672390431447,0.8731272281573551,0.8731925333958253,0.7024832551163367,0.8999908633594147,1.0,5.4255455277189455,5.30791350216031,703.0,0.703,0.18704959996910364,0.8517511803536351,4.921,0.30299820142996464,0.2729844283133728,8.24538881553567,7.880270400398453,0.8694277207439168,0.8695486102156024,0.7,0.9,1.0,5.269027081086042,5.141896444301386,742.0,0.742,0.293165426707271,1.0572211607649464,5.194,0.6016878332513206,0.5641026235381561,9.148385948628722,8.72199314588828,0.8766165372879781,0.8764605322756652,0.7225521701079956,0.9,1.0,5.599563780891086,5.492491008852631
All drivers,32,16.0,04:00,1000,721.85,0.72185,0.19884316405758326,1.0794444757651318,5.05295,0.3553780662466525,0.33035172595516665,8.215495592205022,7.885143866249855,0.8748082970525343,0.874739949270298,0.7063238581086564,0.9,1.0,4.957546569064057,4.861158981347295,700.0,0.7,0.1490557758917273,0.9627024212244373,4.9,0.23775531364169053,0.22071812985713266,7.792916221328288,7.509751703629536,0.8710226925588064,0.8710012435628884,0.7,0.9,1.0,4.78572087679584,4.683742333019683,739.0,0.739,0.2556499951321939,1.2025840861581536,5.173,0.4930131622031921,0.4618598644898105,8.644829229755901,8.328175479441684,0.8780434706943337,0.8779164763163874,0.75,0.9,1.0,5.134309165004132,5.045990227589334
All drivers,33,16.5,04:30,1000,716.725,0.716725,0.16161966724971447,1.2191736717615966,5.017075,0.27620136980945753,0.25250839583531987,7.653844620778592,7.401336224943272,0.8761955271053147,0.876021835413871,0.713761104781217,0.9,1.0,4.502934644125014,4.426550297397972,697.0,0.697,0.11833544428464304,1.0971231211867947,4.879,0.16442793851307777,0.15555790630750355,7.25660427974931,7.010847353422031,0.8728397063350017,0.8728287752806604,0.7,0.9,1.0,4.331152342727295,4.252463337316762,735.0,0.735,0.21251434839836028,1.336135803319593,5.145,0.39180510060676166,0.356854834438019,8.077458254201611,7.8298245920418355,0.8790606818104275,0.8788792305340766,0.75,0.9,1.0,4.678104146303893,4.614342195270671
All drivers,34,17.0,05:00,1000,704.7,0.7047,0.12646089463003507,1.3460600529710456,4.9329,0.20573813687618694,0.1840129767764272,7.013301685311287,6.829288708534859,0.877461126867892,0.877217745448656,0.7249733493768474,0.9,1.0,4.079276222335023,4.020097848240457,683.0,0.683,0.08928146421365453,1.2316448815756365,4.781,0.11159368748016753,0.10169605887234061,6.605104397881739,6.417661920887494,0.8741671583020421,0.8738643689166679,0.7,0.9,1.0,3.9052159734108427,3.8403985142188377,723.0,0.723,0.1723101041672774,1.4654587585765348,5.061,0.3097048724190413,0.2712036532977092,7.455421875459468,7.265322821305864,0.8801526053748162,0.8798122255173292,0.75,0.9,1.0,4.24801344826307,4.200341800097773
All drivers,35,17.5,05:30,1000,688.005,0.688005,0.09978533995131018,1.4648810104686465,4.816035,0.16102076989429429,0.1405134659645597,6.324259759406041,6.183746293441482,0.8782722226671126,0.8779615308839962,0.7337531576770664,0.9,1.0,3.6807222081301525,3.6318950890016803,666.0,0.666,0.06382409704935474,1.3406936246012564,4.662,0.08071750265958039,0.07184490789598241,5.899408573060477,5.763629971929509,0.8752841309980628,0.8749421900179889,0.7,0.9,1.0,3.4965790344330427,3.4534725047494197,707.0,0.707,0.13770564841093133,1.5836221901579695,4.949,0.2614830661404704,0.2174690712984224,6.743653810631896,6.6110839755195325,0.8810804269723035,0.8808062230479987,0.75,0.9,1.0,3.8533452018864978,3.803108789421894
All drivers,36,18.0,06:00,1000,657.56,0.65756,0.08002405717833996,1.5312246362722943,4.60292,0.12814223644837305,0.10753316518205029,5.578560992127409,5.471027826945359,0.8788116320364315,0.8784494578809734,0.7377230629271359,0.9,1.0,3.3472012633402506,3.306469675803937,633.0,0.633,0.04958702207302073,1.414547957646225,4.431,0.06101647010143671,0.0484864909550341,5.169785528290493,5.050743399496257,0.8758488040108255,0.8753413422524365,0.7,0.9,1.0,3.1682553532606974,3.1283247285168727,680.0,0.68,0.11545419330474825,1.6472621616162217,4.76,0.21244119086619495,0.18180646598102773,5.961669438919125,5.862567257019207,0.8817540954290228,0.8814186718239173,0.75,0.9,1.0,3.5305999074396377,3.496076990041655
All drivers,37,18.5,06:30,1000,611.09,0.61109,0.060631905908419687,1.5240439838858493,4.277629999999999,0.09487782907866368,0.07762892143263594,4.819251637320646,4.741622715888011,0.8793034738464504,0.8789099148021533,0.7421150772352313,0.9,1.0,3.0920768392246702,3.0592174798001035,588.0,0.588,0.03366717227756707,1.3907111300360129,4.116,0.03694617269419947,0.02917120097157388,4.407528521124975,4.33887701362286,0.8757448501839655,0.8754283361687709,0.7,0.9,1.0,2.9051757093911834,2.8783069796847554,634.0,0.634,0.09110476817145745,1.6360791736301428,4.438,0.17412466163430276,0.13597972073657796,5.17561820928034,5.096885646145997,0.8823680293133904,0.8819469429530941,0.75,0.9,1.0,3.2688793711563044,3.2385339329420213
All drivers,38,19.0,07:00,1000,548.35,0.54835,0.05010070751735322,1.4206429611149907,3.8384500000000004,0.07723899031535499,0.060600692532974225,4.082775063203792,4.022174370670818,0.8792834386779879,0.8788421703666975,0.7423326760213709,0.9,1.0,2.9348257622066907,2.9053049555521215,526.0,0.526,0.026315571758398104,1.302882888020882,3.682,0.02897654946279386,0.019704568442336572,3.702151622215173,3.6251779815833185,0.8755893346912559,0.8751918593742047,0.7,0.9,1.0,2.746963751640614,2.732220648494834,572.0,0.572,0.07923298738408513,1.5393083106985526,4.004,0.13857629046484668,0.11563310900464048,4.445111039516414,4.381250967097132,0.8826905189585713,0.8822059591526006,0.75,0.9,1.0,3.1183970492114783,3.087819906237618
All drivers,39,19.5,07:30,1000,470.905,0.47090499999999996,0.044135774727943194,1.2199716629595583,3.2963350000000005,0.06945698076899538,0.054182888310954365,3.4372804428867476,3.3830975545757935,0.8785498083520671,0.8780948296974731,0.7408890206246143,0.9,1.0,2.9122332945591953,2.8824201933347187,444.0,0.444,0.02332470777009703,1.1136455974233417,3.108,0.02483178638873592,0.01508940171743325,3.0570678253380947,3.005285366541398,0.8739872074442125,0.8736437453944811,0.7,0.9,1.0,2.724131301973295,2.6991885019059145,496.0,0.496,0.07073030050531803,1.3221895226556644,3.472,0.13517915834278874,0.11169532087325011,3.7650664211740774,3.720055783136487,0.8828922633967515,0.8824413325416574,0.75,0.9,1.0,3.1202614341738903,3.0842909940048826
All drivers,40,20.0,08:00,1000,399.77,0.39977,0.04661497610943905,1.0150270382950457,2.79839,0.07307250369968601,0.05770256100828787,2.9058226339967224,2.8481200729884346,0.8776791126645291,0.8772109642939214,0.7389742210031618,0.8998885906997923,1.0,2.9493110326116914,2.913311052621503,374.0,0.374,0.025538036808094647,0.9087822812533324,2.618,0.019757525035004293,0.013774691091180517,2.5382117963630417,2.4964142285547037,0.8722667028909996,0.8718373496636558,0.7,0.9,1.0,2.726016159485703,2.694849438805576,423.0,0.423,0.0723921137584435,1.1319379468381425,2.961,0.14212317199597976,0.12133745845330682,3.2169895233089156,3.156015876347553,0.8827126417898155,0.8820647851010971,0.75,0.9,1.0,3.153870975536249,3.1170854761849665
All drivers,41,20.5,08:30,1000,333.435,0.333435,0.05359101036152692,0.8124961636330567,2.334045,0.08296960884683413,0.06652929797164864,2.4815938443661354,2.4150645463944866,0.8762110022789672,0.8757696265283476,0.7350508351001308,0.8971008548084055,1.0,3.0770570004293756,3.02887790715173,311.0,0.311,0.02811680289317127,0.7204673541261479,2.177,0.02535622494518651,0.017141002737240268,2.1692575657424333,2.0743745829719304,0.8697757552705877,0.8696325288711314,0.7,0.8788153116894091,1.0,2.8217083082212704,2.7799231308154835,356.0,0.356,0.08225880351176981,0.8969695772952698,2.492,0.16375294796180653,0.13580345381985168,2.7810100040332304,2.7013263527013174,0.8825214227003513,0.8816316236125515,0.75,0.9,1.0,3.3148338413128635,3.269871604132478
All drivers,42,21.0,09:00,1000,282.935,0.282935,0.060213474272386706,0.6673717760086363,1.980545,0.09688933502397075,0.07608203827075805,2.158123947072961,2.082041908802203,0.8737730287811103,0.8732816282943204,0.7277292154757342,0.8928327674228832,1.0,3.204312297309112,3.139493713201907,261.0,0.261,0.034136077202663796,0.5855347276080394,1.827,0.03525180009936222,0.020915058650839903,1.87074367149749,1.7706364189684827,0.8660960929922197,0.8659202247956932,0.7,0.85,1.0,2.935588501296608,2.875274449509866,306.0,0.306,0.08894436035694189,0.7752232972181475,2.142,0.17272851023215463,0.15172109594749134,2.445007681662436,2.349357569421778,0.8814081773400818,0.8808128791698001,0.75,0.9,1.0,3.47756208179686,3.420935997078196
All drivers,43,21.5,09:30,1000,251.375,0.251375,0.06521232808358801,0.5918077251494243,1.759625,0.10887558149397698,0.08571921890067362,1.8842252646898852,1.7985060457892115,0.8723215297493193,0.8719071105043752,0.7232019280878513,0.8912324868533239,1.0,3.202137504457621,3.120599080368228,230.0,0.23,0.036366254195468246,0.5185909633475573,1.61,0.0460348649997461,0.027299381429630506,1.6270458387475957,1.5122442330005006,0.8631361517847674,0.8636722813328076,0.7,0.85,1.0,2.8675220317043184,2.785608628006443,274.0,0.274,0.09766227977624221,0.686090115859727,1.918,0.18797294653903188,0.16069260373601657,2.1604687852478874,2.0461082297364963,0.8799190472464583,0.8798121096362447,0.75,0.9,1.0,3.5198218285925296,3.422186966740222
All drivers,44,22.0,10:00,1000,221.475,0.221475,0.07121621415695822,0.5044233852689868,1.550325,0.11880377258595874,0.09272284225387063,1.6504865240246167,1.557763681770746,0.8721252334399817,0.8718379258102508,0.7189854335367675,0.8908912728981935,1.0,3.242617518431785,3.142402462164384,201.0,0.201,0.04249790983409687,0.4293837718995667,1.407,0.04816288324510668,0.0327337020671737,1.3954336552591815,1.2923336000396923,0.8610392204752005,0.8613995365105719,0.7,0.85,1.0,2.873041439364691,2.7763905485183207,246.0,0.246,0.10992263089197139,0.5947619010241144,1.722,0.20789557379617157,0.16766111359258268,1.927449726696329,1.7913718392029931,0.8810256272713315,0.880374268883797,0.75,0.9,1.0,3.5773931825580045,3.4418761527991246
All drivers,45,22.5,10:30,1000,196.79,0.19679,0.07637176465202082,0.4290846028447774,1.3775300000000001,0.12895681771411938,0.09922789736023116,1.4620828178371565,1.3628549204769251,0.872690313683463,0.872593234725105,0.7176686888251724,0.8927010131599811,1.0,3.284379347306281,3.161904397021971,178.0,0.178,0.04342054576090503,0.3573468396197078,1.246,0.04623847318162856,0.03325677825237686,1.215320049333375,1.1098513976465958,0.8608385553092818,0.861509727685541,0.698429265301007,0.85,1.0,2.894644775796519,2.743973837703835,216.0,0.216,0.10460876563794852,0.5049435425164698,1.512,0.2263180575915625,0.17916711083251577,1.7115225992569383,1.5818533206384895,0.8833151153088158,0.8833974011051814,0.75,0.9,1.0,3.6534366010674884,3.499099995293635
All drivers,46,23.0,11:00,1000,179.4,0.1794,0.08987163148862473,0.376704139096248,1.2558,0.16001709709618483,0.12431249071277677,1.328065892145789,1.2037534014330122,0.8701399543143892,0.8702227786984704,0.708612842593211,0.8906666332664496,1.0,3.3670776826519444,3.20145408020224,165.0,0.165,0.05785159047917946,0.3030634040034652,1.155,0.06460450000294964,0.04538064638622987,1.083131760895686,0.9835955333944156,0.8568404696426412,0.8579844516712025,0.6614358024393729,0.85,1.0,2.9437594943897305,2.772988327694191,196.0,0.196,0.12358207537950716,0.44761074504907483,1.372,0.28011282083200334,0.21648658486682432,1.5521652089187572,1.4055105788037385,0.8814543517989784,0.8806254993787029,0.75,0.9,1.0,3.7352050061322246,3.5541212634328696
All drivers,47,23.5,11:30,1000,165.895,0.16589500000000001,0.1077180461608166,0.33840893952634593,1.161265,0.19992360790572483,0.15659902179508522,1.23149533719597,1.0748963154008848,0.8653613950438475,0.8655629558266064,0.6956260498908108,0.8840910847693364,1.0,3.52501690917137,3.3046364279517366,149.0,0.149,0.06942173948207311,0.26200551025245583,1.043,0.08012010807855191,0.0644223816388517,0.9942851076196365,0.8617221964743252,0.8499872569744368,0.8509836403426966,0.6291189393655974,0.85,1.0,3.0708149651997423,2.8940927488644714,183.0,0.183,0.14445808877996205,0.4037496240313313,1.281,0.3258353822588848,0.26994942028956215,1.4577721632681353,1.2524906482425926,0.8785788825638353,0.8786857596045314,0.75,0.9,1.0,3.9709218923411678,3.7259848814766774
Always plugged-in,0,0.0,12:00,10,10.0,1.0,0.0,0.0,7.0,0.0,0.0,0.0,0.0,0.885,0.885,0.8,0.875,1.0,23.75,23.75,10.0,1.0,0.0,0.0,7.0,0.0,0.0,0.0,0.0,0.885,0.885,0.8,0.875,1.0,23.75,23.75,10.0,1.0,0.0,0.0,7.0,0.0,0.0,0.0,0.0,0.885,0.885,0.8,0.875,1.0,23.75,23.75
Always plugged-in,1,0.5,12:30,10,10.0,1.0,0.0,0.0,7.0,0.0,0.0,0.0,0.0,0.885,0.885,0.8,0.875,1.0,23.25,23.25,10.0,1.0,0.0,0.0,7.0,0.0,0.0,0.0,0.0,0.885,0.885,0.8,0.875,1.0,23.25,23.25,10.0,1.0,0.0,0.0,7.0,0.0,0.0,0.0,0.0,0.885,0.885,0.8,0.875,1.0,23.25,23.25
Always plugged-in,2,1.0,13:00,10,10.0,1.0,0.0,0.0,7.0,0.0,0.0,0.0,0.0,0.885,0.885,0.8,0.875,1.0,22.75,22.75,10.0,1.0,0.0,0.0,7.0,0.0,0.0,0.0,0.0,0.885,0.885,0.8,0.875,1.0,22.75,22.75,10.0,1.0,0.0,0.0,7.0,0.0,0.0,0.0,0.0,0.885,0.885,0.8,0.875,1.0,22.75,22.75
Always plugged-in,3,1.5,13:30,10,10.0,1.0,0.0,0.0,7.0,0.0,0.0,0.0,0.0,0.885,0.885,0.8,0.875,1.0,22.25,22.25,10.0,1.0,0.0,0.0,7.0,0.0,0.0,0.0,0.0,0.885,0.885,0.8,0.875,1.0,22.25,22.25,10.0,1.0,0.0,0.0,7.0,0.0,0.0,0.0,0.0,0.885,0.885,0.8,0.875,1.0,22.25,22.25
Always plugged-in,4,2.0,14:00,10,10.0,1.0,0.0,0.0,7.0,0.0,0.0,0.0,0.0,0.885,0.885,0.8,0.875,1.0,21.75,21.75,10.0,1.0,0.0,0.0,7.0,0.0,0.0,0.0,0.0,0.885,0.885,0.8,0.875,1.0,21.75,21.75,10.0,1.0,0.0,0.0,7.0,0.0,0.0,0.0,0.0,0.885,0.885,0.8,0.875,1.0,21.75,21.75
Always plugged-in,5,2.5,14:30,10,10.0,1.0,0.0,0.0,7.0,0.0,0.0,0.0,0.0,0.885,0.885,0.8,0.875,1.0,21.25,21.25,10.0,1.0,0.0,0.0,7.0,0.0,0.0,0.0,0.0,0.885,0.885,0.8,0.875,1.0,21.25,21.25,10.0,1.0,0.0,0.0,7.0,0.0,0.0,0.0,0.0,0.885,0.885,0.8,0.875,1.0,21.25,21.25
Always plugged-in,6,3.0,15:00,10,10.0,1.0,0.0,0.0,7.0,0.0,0.0,0.0,0.0,0.885,0.885,0.8,0.875,1.0,20.75,20.75,10.0,1.0,0.0,0.0,7.0,0.0,0.0,0.0,0.0,0.885,0.885,0.8,0.875,1.0,20.75,20.75,10.0,1.0,0.0,0.0,7.0,0.0,0.0,0.0,0.0,0.885,0.885,0.8,0.875,1.0,20.75,20.75
Always plugged-in,7,3.5,15:30,10,10.0,1.0,0.0,0.0,7.0,0.0,0.0,0.0,0.0,0.885,0.885,0.8,0.875,1.0,20.25,20.25,10.0,1.0,0.0,0.0,7.0,0.0,0.0,0.0,0.0,0.885,0.885,0.8,0.875,1.0,20.25,20.25,10.0,1.0,0.0,0.0,7.0,0.0,0.0,0.0,0.0,0.885,0.885,0.8,0.875,1.0,20.25,20.25
Always plugged-in,8,4.0,16:00,10,10.0,1.0,0.0,0.0,7.0,0.0,0.0,0.0,0.0,0.885,0.885,0.8,0.875,1.0,19.75,19.75,10.0,1.0,0.0,0.0,7.0,0.0,0.0,0.0,0.0,0.885,0.885,0.8,0.875,1.0,19.75,19.75,10.0,1.0,0.0,0.0,7.0,0.0,0.0,0.0,0.0,0.885,0.885,0.8,0.875,1.0,19.75,19.75
Always plugged-in,9,4.5,16:30,10,10.0,1.0,0.0,0.0,7.0,0.0,0.0,0.0,0.0,0.885,0.885,0.8,0.875,1.0,19.25,19.25,10.0,1.0,0.0,0.0,7.0,0.0,0.0,0.0,0.0,0.885,0.885,0.8,0.875,1.0,19.25,19.25,10.0,1.0,0.0,0.0,7.0,0.0,0.0,0.0,0.0,0.885,0.885,0.8,0.875,1.0,19.25,19.25
Always plugged-in,10,5.0,17:00,10,10.0,1.0,0.0,0.0,7.0,0.0,0.0,0.0,0.0,0.885,0.885,0.8,0.875,1.0,18.75,18.75,10.0,1.0,0.0,0.0,7.0,0.0,0.0,0.0,0.0,0.885,0.885,0.8,0.875,1.0,18.75,18.75,10.0,1.0,0.0,0.0,7.0,0.0,0.0,0.0,0.0,0.885,0.885,0.8,0.875,1.0,18.75,18.75
Always plugged-in,11,5.5,17:30,10,10.0,1.0,0.0,0.0,7.0,0.0,0.0,0.0,0.0,0.885,0.885,0.8,0.875,1.0,18.25,18.25,10.0,1.0,0.0,0.0,7.0,0.0,0.0,0.0,0.0,0.885,0.885,0.8,0.875,1.0,18.25,18.25,10.0,1.0,0.0,0.0,7.0,0.0,0.0,0.0,0.0,0.885,0.885,0.8,0.875,1.0,18.25,18.25
Always plugged-in,12,6.0,18:00,10,10.0,1.0,0.0,0.0,7.0,0.0,0.0,0.0,0.0,0.885,0.885,0.8,0.875,1.0,17.75,17.75,10.0,1.0,0.0,0.0,7.0,0.0,0.0,0.0,0.0,0.885,0.885,0.8,0.875,1.0,17.75,17.75,10.0,1.0,0.0,0.0,7.0,0.0,0.0,0.0,0.0,0.885,0.885,0.8,0.875,1.0,17.75,17.75
Always plugged-in,13,6.5,18:30,10,10.0,1.0,0.0,0.0,7.0,0.0,0.0,0.0,0.0,0.885,0.885,0.8,0.875,1.0,17.25,17.25,10.0,1.0,0.0,0.0,7.0,0.0,0.0,0.0,0.0,0.885,0.885,0.8,0.875,1.0,17.25,17.25,10.0,1.0,0.0,0.0,7.0,0.0,0.0,0.0,0.0,0.885,0.885,0.8,0.875,1.0,17.25,17.25
Always plugged-in,14,7.0,19:00,10,10.0,1.0,0.0,0.0,7.0,0.0,0.0,0.0,0.0,0.885,0.885,0.8,0.875,1.0,16.75,16.75,10.0,1.0,0.0,0.0,7.0,0.0,0.0,0.0,0.0,0.885,0.885,0.8,0.875,1.0,16.75,16.75,10.0,1.0,0.0,0.0,7.0,0.0,0.0,0.0,0.0,0.885,0.885,0.8,0.875,1.0,16.75,16.75
Always plugged-in,15,7.5,19:30,10,10.0,1.0,0.0,0.0,7.0,0.0,0.0,0.0,0.0,0.885,0.885,0.8,0.875,1.0,16.25,16.25,10.0,1.0,0.0,0.0,7.0,0.0,0.0,0.0,0.0,0.885,0.885,0.8,0.875,1.0,16.25,16.25,10.0,1.0,0.0,0.0,7.0,0.0,0.0,0.0,0.0,0.885,0.885,0.8,0.875,1.0,16.25,16.25
Always plugged-in,16,8.0,20:00,10,10.0,1.0,0.0,0.0,7.0,0.0,0.0,0.0,0.0,0.885,0.885,0.8,0.875,1.0,15.75,15.75,10.0,1.0,0.0,0.0,7.0,0.0,0.0,0.0,0.0,0.885,0.885,0.8,0.875,1.0,15.75,15.75,10.0,1.0,0.0,0.0,7.0,0.0,0.0,0.0,0.0,0.885,0.885,0.8,0.875,1.0,15.75,15.75
Always plugged-in,17,8.5,20:30,10,10.0,1.0,0.0,0.0,7.0,0.0,0.0,0.0,0.0,0.885,0.885,0.8,0.875,1.0,15.25,15.25,10.0,1.0,0.0,0.0,7.0,0.0,0.0,0.0,0.0,0.885,0.885,0.8,0.875,1.0,15.25,15.25,10.0,1.0,0.0,0.0,7.0,0.0,0.0,0.0,0.0,0.885,0.885,0.8,0.875,1.0,15.25,15.25
Always plugged-in,18,9.0,21:00,10,10.0,1.0,0.0,0.0,7.0,0.0,0.0,0.0,0.0,0.885,0.885,0.8,0.875,1.0,14.75,14.75,10.0,1.0,0.0,0.0,7.0,0.0,0.0,0.0,0.0,0.885,0.885,0.8,0.875,1.0,14.75,14.75,10.0,1.0,0.0,0.0,7.0,0.0,0.0,0.0,0.0,0.885,0.885,0.8,0.875,1.0,14.75,14.75
Always plugged-in,19,9.5,21:30,10,10.0,1.0,0.0,0.0,7.0,0.0,0.0,0.0,0.0,0.885,0.885,0.8,0.875,1.0,14.25,14.25,10.0,1.0,0.0,0.0,7.0,0.0,0.0,0.0,0.0,0.885,0.885,0.8,0.875,1.0,14.25,14.25,10.0,1.0,0.0,0.0,7.0,0.0,0.0,0.0,0.0,0.885,0.885,0.8,0.875,1.0,14.25,14.25
Always plugged-in,20,10.0,22:00,10,10.0,1.0,0.0,0.0,7.0,0.0,0.0,0.0,0.0,0.885,0.885,0.8,0.875,1.0,13.75,13.75,10.0,1.0,0.0,0.0,7.0,0.0,0.0,0.0,0.0,0.885,0.885,0.8,0.875,1.0,13.75,13.75,10.0,1.0,0.0,0.0,7.0,0.0,0.0,0.0,0.0,0.885,0.885,0.8,0.875,1.0,13.75,13.75
Always plugged-in,21,10.5,22:30,10,10.0,1.0,0.0,0.0,7.0,0.0,0.0,0.0,0.0,0.885,0.885,0.8,0.875,1.0,13.25,13.25,10.0,1.0,0.0,0.0,7.0,0.0,0.0,0.0,0.0,0.885,0.885,0.8,0.875,1.0,13.25,13.25,10.0,1.0,0.0,0.0,7.0,0.0,0.0,0.0,0.0,0.885,0.885,0.8,0.875,1.0,13.25,13.25
Always plugged-in,22,11.0,23:00,10,10.0,1.0,0.0,0.0,7.0,0.0,0.0,0.0,0.0,0.885,0.885,0.8,0.875,1.0,12.75,12.75,10.0,1.0,0.0,0.0,7.0,0.0,0.0,0.0,0.0,0.885,0.885,0.8,0.875,1.0,12.75,12.75,10.0,1.0,0.0,0.0,7.0,0.0,0.0,0.0,0.0,0.885,0.885,0.8,0.875,1.0,12.75,12.75
Always plugged-in,23,11.5,23:30,10,10.0,1.0,0.0,0.0,7.0,0.0,0.0,0.0,0.0,0.885,0.885,0.8,0.875,1.0,12.25,12.25,10.0,1.0,0.0,0.0,7.0,0.0,0.0,0.0,0.0,0.885,0.885,0.8,0.875,1.0,12.25,12.25,10.0,1.0,0.0,0.0,7.0,0.0,0.0,0.0,0.0,0.885,0.885,0.8,0.875,1.0,12.25,12.25
Always plugged-in,24,12.0,00:00,10,10.0,1.0,0.0,0.0,7.0,0.0,0.0,0.0,0.0,0.885,0.885,0.8,0.875,1.0,11.75,11.75,10.0,1.0,0.0,0.0,7.0,0.0,0.0,0.0,0.0,0.885,0.885,0.8,0.875,1.0,11.75,11.75,10.0,1.0,0.0,0.0,7.0,0.0,0.0,0.0,0.0,0.885,0.885,0.8,0.875,1.0,11.75,11.75
Always plugged-in,25,12.5,00:30,10,10.0,1.0,0.0,0.0,7.0,0.0,0.0,0.0,0.0,0.885,0.885,0.8,0.875,1.0,11.25,11.25,10.0,1.0,0.0,0.0,7.0,0.0,0.0,0.0,0.0,0.885,0.885,0.8,0.875,1.0,11.25,11.25,10.0,1.0,0.0,0.0,7.0,0.0,0.0,0.0,0.0,0.885,0.885,0.8,0.875,1.0,11.25,11.25
Always plugged-in,26,13.0,01:00,10,10.0,1.0,0.0,0.0,7.0,0.0,0.0,0.0,0.0,0.885,0.885,0.8,0.875,1.0,10.75,10.75,10.0,1.0,0.0,0.0,7.0,0.0,0.0,0.0,0.0,0.885,0.885,0.8,0.875,1.0,10.75,10.75,10.0,1.0,0.0,0.0,7.0,0.0,0.0,0.0,0.0,0.885,0.885,0.8,0.875,1.0,10.75,10.75
Always plugged-in,27,13.5,01:30,10,10.0,1.0,0.0,0.0,7.0,0.0,0.0,0.0,0.0,0.885,0.885,0.8,0.875,1.0,10.25,10.25,10.0,1.0,0.0,0.0,7.0,0.0,0.0,0.0,0.0,0.885,0.885,0.8,0.875,1.0,10.25,10.25,10.0,1.0,0.0,0.0,7.0,0.0,0.0,0.0,0.0,0.885,0.885,0.8,0.875,1.0,10.25,10.25
Always plugged-in,28,14.0,02:00,10,10.0,1.0,0.0,0.0,7.0,0.0,0.0,0.0,0.0,0.885,0.885,0.8,0.875,1.0,9.75,9.75,10.0,1.0,0.0,0.0,7.0,0.0,0.0,0.0,0.0,0.885,0.885,0.8,0.875,1.0,9.75,9.75,10.0,1.0,0.0,0.0,7.0,0.0,0.0,0.0,0.0,0.885,0.885,0.8,0.875,1.0,9.75,9.75
Always plugged-in,29,14.5,02:30,10,10.0,1.0,0.0,0.0,7.0,0.0,0.0,0.0,0.0,0.885,0.885,0.8,0.875,1.0,9.25,9.25,10.0,1.0,0.0,0.0,7.0,0.0,0.0,0.0,0.0,0.885,0.885,0.8,0.875,1.0,9.25,9.25,10.0,1.0,0.0,0.0,7.0,0.0,0.0,0.0,0.0,0.885,0.885,0.8,0.875,1.0,9.25,9.25
Always plugged-in,30,15.0,03:00,10,10.0,1.0,0.0,0.0,7.0,0.0,0.0,0.0,0.0,0.885,0.885,0.8,0.875,1.0,8.75,8.75,10.0,1.0,0.0,0.0,7.0,0.0,0.0,0.0,0.0,0.885,0.885,0.8,0.875,1.0,8.75,8.75,10.0,1.0,0.0,0.0,7.0,0.0,0.0,0.0,0.0,0.885,0.885,0.8,0.875,1.0,8.75,8.75
Always plugged-in,31,15.5,03:30,10,10.0,1.0,0.0,0.0,7.0,0.0,0.0,0.0,0.0,0.885,0.885,0.8,0.875,1.0,8.25,8.25,10.0,1.0,0.0,0.0,7.0,0.0,0.0,0.0,0.0,0.885,0.885,0.8,0.875,1.0,8.25,8.25,10.0,1.0,0.0,0.0,7.0,0.0,0.0,0.0,0.0,0.885,0.885,0.8,0.875,1.0,8.25,8.25
Always plugged-in,32,16.0,04:00,10,10.0,1.0,0.0,0.0,7.0,0.0,0.0,0.0,0.0,0.885,0.885,0.8,0.875,1.0,7.75,7.75,10.0,1.0,0.0,0.0,7.0,0.0,0.0,0.0,0.0,0.885,0.885,0.8,0.875,1.0,7.75,7.75,10.0,1.0,0.0,0.0,7.0,0.0,0.0,0.0,0.0,0.885,0.885,0.8,0.875,1.0,7.75,7.75
Always plugged-in,33,16.5,04:30,10,10.0,1.0,0.0,0.0,7.0,0.0,0.0,0.0,0.0,0.885,0.885,0.8,0.875,1.0,7.25,7.25,10.0,1.0,0.0,0.0,7.0,0.0,0.0,0.0,0.0,0.885,0.885,0.8,0.875,1.0,7.25,7.25,10.0,1.0,0.0,0.0,7.0,0.0,0.0,0.0,0.0,0.885,0.885,0.8,0.875,1.0,7.25,7.25
Always plugged-in,34,17.0,05:00,10,10.0,1.0,0.0,0.0,7.0,0.0,0.0,0.0,0.0,0.885,0.885,0.8,0.875,1.0,6.75,6.75,10.0,1.0,0.0,0.0,7.0,0.0,0.0,0.0,0.0,0.885,0.885,0.8,0.875,1.0,6.75,6.75,10.0,1.0,0.0,0.0,7.0,0.0,0.0,0.0,0.0,0.885,0.885,0.8,0.875,1.0,6.75,6.75
Always plugged-in,35,17.5,05:30,10,10.0,1.0,0.0,0.0,7.0,0.0,0.0,0.0,0.0,0.885,0.885,0.8,0.875,1.0,6.25,6.25,10.0,1.0,0.0,0.0,7.0,0.0,0.0,0.0,0.0,0.885,0.885,0.8,0.875,1.0,6.25,6.25,10.0,1.0,0.0,0.0,7.0,0.0,0.0,0.0,0.0,0.885,0.885,0.8,0.875,1.0,6.25,6.25
Always plugged-in,36,18.0,06:00,10,10.0,1.0,0.0,0.0,7.0,0.0,0.0,0.0,0.0,0.885,0.885,0.8,0.875,1.0,5.75,5.75,10.0,1.0,0.0,0.0,7.0,0.0,0.0,0.0,0.0,0.885,0.885,0.8,0.875,1.0,5.75,5.75,10.0,1.0,0.0,0.0,7.0,0.0,0.0,0.0,0.0,0.885,0.885,0.8,0.875,1.0,5.75,5.75
Always plugged-in,37,18.5,06:30,10,10.0,1.0,0.0,0.0,7.0,0.0,0.0,0.0,0.0,0.885,0.885,0.8,0.875,1.0,5.25,5.25,10.0,1.0,0.0,0.0,7.0,0.0,0.0,0.0,0.0,0.885,0.885,0.8,0.875,1.0,5.25,5.25,10.0,1.0,0.0,0.0,7.0,0.0,0.0,0.0,0.0,0.885,0.885,0.8,0.875,1.0,5.25,5.25
Always plugged-in,38,19.0,07:00,10,10.0,1.0,0.0,0.0,7.0,0.0,0.0,0.0,0.0,0.885,0.885,0.8,0.875,1.0,4.75,4.75,10.0,1.0,0.0,0.0,7.0,0.0,0.0,0.0,0.0,0.885,0.885,0.8,0.875,1.0,4.75,4.75,10.0,1.0,0.0,0.0,7.0,0.0,0.0,0.0,0.0,0.885,0.885,0.8,0.875,1.0,4.75,4.75
Always plugged-in,39,19.5,07:30,10,10.0,1.0,0.0,0.0,7.0,0.0,0.0,0.0,0.0,0.885,0.885,0.8,0.875,1.0,4.25,4.25,10.0,1.0,0.0,0.0,7.0,0.0,0.0,0.0,0.0,0.885,0.885,0.8,0.875,1.0,4.25,4.25,10.0,1.0,0.0,0.0,7.0,0.0,0.0,0.0,0.0,0.885,0.885,0.8,0.875,1.0,4.25,4.25
Always plugged-in,40,20.0,08:00,10,10.0,1.0,0.0,0.0,7.0,0.0,0.0,0.0,0.0,0.885,0.885,0.8,0.875,1.0,3.75,3.75,10.0,1.0,0.0,0.0,7.0,0.0,0.0,0.0,0.0,0.885,0.885,0.8,0.875,1.0,3.75,3.75,10.0,1.0,0.0,0.0,7.0,0.0,0.0,0.0,0.0,0.885,0.885,0.8,0.875,1.0,3.75,3.75
Always plugged-in,41,20.5,08:30,10,10.0,1.0,0.0,0.0,7.0,0.0,0.0,0.0,0.0,0.885,0.885,0.8,0.875,1.0,3.25,3.25,10.0,1.0,0.0,0.0,7.0,0.0,0.0,0.0,0.0,0.885,0.885,0.8,0.875,1.0,3.25,3.25,10.0,1.0,0.0,0.0,7.0,0.0,0.0,0.0,0.0,0.885,0.885,0.8,0.875,1.0,3.25,3.25
Always plugged-in,42,21.0,09:00,10,10.0,1.0,0.0,0.0,7.0,0.0,0.0,0.0,0.0,0.885,0.885,0.8,0.875,1.0,2.75,2.75,10.0,1.0,0.0,0.0,7.0,0.0,0.0,0.0,0.0,0.885,0.885,0.8,0.875,1.0,2.75,2.75,10.0,1.0,0.0,0.0,7.0,0.0,0.0,0.0,0.0,0.885,0.885,0.8,0.875,1.0,2.75,2.75
Always plugged-in,43,21.5,09:30,10,10.0,1.0,0.0,0.0,7.0,0.0,0.0,0.0,0.0,0.885,0.885,0.8,0.875,1.0,2.25,2.25,10.0,1.0,0.0,0.0,7.0,0.0,0.0,0.0,0.0,0.885,0.885,0.8,0.875,1.0,2.25,2.25,10.0,1.0,0.0,0.0,7.0,0.0,0.0,0.0,0.0,0.885,0.885,0.8,0.875,1.0,2.25,2.25
Always plugged-in,44,22.0,10:00,10,10.0,1.0,0.0,0.0,7.0,0.0,0.0,0.0,0.0,0.885,0.885,0.8,0.875,1.0,1.75,1.75,10.0,1.0,0.0,0.0,7.0,0.0,0.0,0.0,0.0,0.885,0.885,0.8,0.875,1.0,1.75,1.75,10.0,1.0,0.0,0.0,7.0,0.0,0.0,0.0,0.0,0.885,0.885,0.8,0.875,1.0,1.75,1.75
Always plugged-in,45,22.5,10:30,10,10.0,1.0,0.0,0.0,7.0,0.0,0.0,0.0,0.0,0.885,0.885,0.8,0.875,1.0,1.25,1.25,10.0,1.0,0.0,0.0,7.0,0.0,0.0,0.0,0.0,0.885,0.885,0.8,0.875,1.0,1.25,1.25,10.0,1.0,0.0,0.0,7.0,0.0,0.0,0.0,0.0,0.885,0.885,0.8,0.875,1.0,1.25,1.25
Always plugged-in,46,23.0,11:00,10,10.0,1.0,0.0,0.0,7.0,0.0,0.0,0.0,0.0,0.885,0.885,0.8,0.875,1.0,0.75,0.75,10.0,1.0,0.0,0.0,7.0,0.0,0.0,0.0,0.0,0.885,0.885,0.8,0.875,1.0,0.75,0.75,10.0,1.0,0.0,0.0,7.0,0.0,0.0,0.0,0.0,0.885,0.885,0.8,0.875,1.0,0.75,0.75
Always plugged-in,47,23.5,11:30,10,10.0,1.0,0.0,0.0,7.0,0.0,0.0,0.0,0.0,0.885,0.885,0.8,0.875,1.0,0.25,0.25,10.0,1.0,0.0,0.0,7.0,0.0,0.0,0.0,0.0,0.885,0.885,0.8,0.875,1.0,0.25,0.25,10.0,1.0,0.0,0.0,7.0,0.0,0.0,0.0,0.0,0.885,0.885,0.8,0.875,1.0,0.25,0.25
Average (UK),0,0.0,12:00,400,62.47,0.156175,0.14669404553162824,0.269055921759391,1.0932250000000001,0.1894385811261723,0.14237964569304826,0.9417720184315734,0.7993923727385253,0.8653129370808472,0.8653129370808469,0.6970121192923701,0.8831504378492591,1.0,4.03138125249217,3.798419518021026,50.0,0.125,0.07606924255166987,0.18587314343799638,0.875,0.0539409902855678,0.044924409716133186,0.6422027169036966,0.5536875732717234,0.8418102057964898,0.8418102057964895,0.6203216161642694,0.85,1.0,3.0228024781938156,2.8416548054940995,74.0,0.185,0.21834149144165876,0.36153261884098403,1.295,0.3363221920550604,0.2591799062396566,1.264052609893858,1.0655435297266864,0.8895302489328744,0.8895302489328737,0.7849992401933747,0.9,1.0,4.857267018086133,4.615980628741221
Average (UK),1,0.5,12:30,400,59.05,0.147625,0.16054060484318391,0.2469469357181186,1.0333750000000002,0.21194149492889586,0.15753232868481443,0.9054195405857337,0.7478872119009193,0.8617631912270965,0.8617631912270963,0.6857274706871911,0.8807291288408148,0.9999876214006655,4.419387326186823,4.146578953948366,47.0,0.1175,0.09319154543298437,0.1662485949739516,0.8225,0.06979059779632396,0.05750132330717499,0.6396596618690285,0.505179747920973,0.8369875374413686,0.8369875374413683,0.5853968371173528,0.85,1.0,3.1895909594200416,2.8839963266903412,72.0,0.18,0.2514130423384419,0.32975883885848245,1.26,0.4012908823820627,0.27476007713189715,1.180785512466162,0.9805306996127361,0.882381245721671,0.8823812457216709,0.7700885841177265,0.9,1.0,5.524089902193286,5.23730906861949
Average (UK),2,1.0,13:00,400,57.285,0.14321250000000002,0.1820348202610673,0.23806742611961834,1.0024875,0.23667890403493672,0.17829151166053067,0.8912807787876276,0.7129892671270969,0.8582180123579245,0.8582180123579242,0.6773503677463097,0.8753998941857277,1.0,4.866179976479835,4.551208499049889,45.0,0.1125,0.10299265597002728,0.14473997873892475,0.7875,0.08624442750102626,0.06672709150824642,0.6142988151078388,0.47875678786591136,0.8328005119613962,0.8328005119613959,0.5859702556760291,0.85,1.0,3.592221790477415,3.2589240017585417,70.0,0.175,0.27955004599416483,0.3322395385768768,1.225,0.40170034706738905,0.29374622555346486,1.1541109601540562,0.9378606487199527,0.8823540538076587,0.8823540538076589,0.7500607202575507,0.9,1.0,6.161957828554273,5.825343605137072
Average (UK),3,1.5,13:30,400,56.515,0.1412875,0.20088601617951413,0.2355049425638739,0.9890125000000001,0.26162057963806384,0.197368334404422,0.8877273487835854,0.6903590143791632,0.8550965300904021,0.8550965300904019,0.6683535967796358,0.871773986080941,0.9999437782877749,5.424836436516209,5.068817643660517,45.0,0.1125,0.128257177559849,0.1477649177871098,0.7875,0.11413713758734416,0.08798061847729656,0.633655223823841,0.4629870844669481,0.8281076265676616,0.8281076265676615,0.5540911411610099,0.8190488656975742,1.0,3.9749586073717524,3.6700837672864393,69.0,0.1725,0.3003683051906897,0.3379930240024331,1.2075,0.459828045930059,0.3428141758350982,1.1393515110278019,0.9244792294662999,0.8807061963460164,0.8807061963460162,0.7500009802183105,0.9,1.0,6.943205454359757,6.495045313550506
Average (UK),4,2.0,14:00,400,56.82,0.14205,0.22421867449487437,0.22929268035635963,0.9943500000000001,0.2997543686898822,0.2337894131515224,0.9134947821502061,0.6797053689986838,0.851954548900067,0.8519545489000668,0.6606430374931045,0.8689795238878897,0.9998518077200598,6.214552559965083,5.808925942747873,46.0,0.115,0.1423294613699461,0.14768790175115487,0.805,0.1533219988073305,0.11178750196519836,0.6699915997003507,0.4477108757911325,0.8275227478756041,0.8275227478756039,0.5598208832401964,0.8186139492417188,1.0,4.765749460950731,4.326285463101082,69.0,0.1725,0.32949069185394186,0.3184447140807078,1.2075,0.4982672734916249,0.3715730669142215,1.1715167001177733,0.8936697533866593,0.876717734280541,0.8767177342805408,0.743654205667921,0.9,1.0,7.61264025198586,7.275236652289399
Average (UK),5,2.5,14:30,400,57.47,0.143675,0.24435545793576258,0.22408983683077666,1.005725,0.3226517498622036,0.263598175061335,0.9472227098355933,0.6836245347742583,0.849381649569904,0.8493816495699039,0.6479928948200214,0.8682480373763931,0.9996006609533601,7.090870533938382,6.658956186844352,46.0,0.115,0.16400842059657175,0.1441989224320155,0.805,0.15814951010957304,0.11561785020372622,0.6629350836508773,0.4674958371964674,0.8240070798011334,0.8240070798011332,0.5484563592834412,0.8210486332964059,1.0,5.620568394763068,5.2321457613346665,71.0,0.1775,0.34643173506938657,0.316905073341564,1.2425,0.5084003879897643,0.43491791780705347,1.2121190923146743,0.8917847991420602,0.8744585761809899,0.8744585761809898,0.7104660158768181,0.9,1.0,8.497891611010251,8.121014555701343
Average (UK),6,3.0,15:00,400,60.87,0.152175,0.29308890094210704,0.21660349591667047,1.0652249999999999,0.408853574672839,0.34388415109361625,1.0488303565588877,0.7049462054652714,0.8420118388057817,0.8420118388057816,0.6264284931290772,0.8596764517440131,0.999499579625147,8.210862442108612,7.704158573151309,49.0,0.1225,0.2122155178432783,0.1291145313671547,0.8575,0.22367361266240215,0.19093225313244222,0.7693107341344166,0.4847426486874264,0.8203334688172217,0.8203334688172215,0.5186656581110621,0.802310360038786,1.0,6.639057306373477,6.1694701618256085,73.0,0.1825,0.3905929561482292,0.30684043324182836,1.2775,0.6077837557411578,0.5284996993328255,1.3457940235547494,0.9165216120646582,0.8638980972141725,0.8638980972141723,0.7,0.9,1.0,9.84082945655715,9.245020534294582
Average (UK),7,3.5,15:30,400,65.87,0.16467500000000002,0.3503912081701415,0.21162663508754978,1.152725,0.47769826866207915,0.4175395819315515,1.177950116955926,0.7604105350243748,0.8388812278342666,0.8388812278342662,0.6210195368275657,0.8534404204835869,0.9992888659999563,9.409076087907662,8.858442185314054,54.0,0.135,0.24423942324906278,0.13224875321687526,0.945,0.254142647041539,0.22238634867446094,0.8842853937925164,0.5553488735231621,0.8149664542429553,0.8149664542429553,0.5244548149512345,0.8,1.0,7.713031516331375,7.3088943854669886,77.0,0.1925,0.44979371769112786,0.29265865827081106,1.3475,0.7001867568642801,0.631796862901101,1.4898839907667014,0.9598285330157804,0.8639279391932205,0.8639279391932202,0.7,0.9,1.0,11.041901905218891,10.424309675291447
Average (UK),8,4.0,16:00,400,74.265,0.1856625,0.4449122014463444,0.20484217133844074,1.2996375,0.6305829127724742,0.5672937778151382,1.4163595803397144,0.8490658025245762,0.832552134391773,0.8325521343917727,0.6017829487530413,0.8478637677296907,0.9994541200548922,10.64794948427216,10.006780361975046,61.0,0.1525,0.3355670279636087,0.12784787622211788,1.0675,0.3554698549617638,0.3300516493338352,1.0764355252663826,0.6405038902428057,0.8093654696586664,0.8093654696586663,0.503771188470228,0.8,0.9991159582401468,9.331709338221456,8.592923600979981,87.0,0.2175,0.5794609728260746,0.28516798145313055,1.5225,0.8922893508014266,0.7958486028148467,1.795042295254452,1.0713058043502783,0.8571192669965414,0.8571192669965412,0.6926561769159061,0.8878952229946794,1.0,12.095119105497936,11.421013926942665
Average (UK),9,4.5,16:30,400,84.995,0.21248750000000002,0.547576040195717,0.1844709279723986,1.4874125,0.7602614900176661,0.6991331537831291,1.7020399186631305,1.0029067648800016,0.8290651448074158,0.8290651448074154,0.5916980177845749,0.8443738388981835,0.9995281942619687,11.675267529696363,11.002300024373701,72.0,0.18,0.412784091792727,0.11074861072350524,1.26,0.4890755445900165,0.4588887118488087,1.3546499599291781,0.7763920093211961,0.8067524118674443,0.8067524118674442,0.49550742480031956,0.8,0.9988607748653253,10.390405105076631,9.829613141190842,99.0,0.2475,0.6950341670823,0.2609606793741433,1.7325,1.036621023709574,1.0140767236371544,2.1244777183653873,1.2587506374749609,0.8523428992658687,0.8523428992658681,0.6794289250038694,0.8886607269542319,1.0,12.797926740936637,12.138928918853113
Average (UK),10,5.0,17:00,400,99.6,0.249,0.6619848635559678,0.16099513839247265,1.743,0.9484968023674776,0.8897156851905392,2.1037506791598126,1.2140349939692732,0.825594294810801,0.8255942948108008,0.579677647958424,0.8413128591693624,0.9992146024347016,12.447885695261139,11.735865439033807,85.0,0.2125,0.5404670174917761,0.09092719374048926,1.4875,0.6523412551946027,0.6044506654277886,1.6961471411075004,0.9680191491819207,0.8039545972546529,0.8039545972546522,0.480225032620298,0.8,0.9985646467680089,11.291080094285528,10.647963596198593,113.0,0.2825,0.8155609101508446,0.241581146129625,1.9775,1.295342369026588,1.2130965711824626,2.585303169338802,1.5281968140704338,0.846742689096637,0.8467426890966367,0.6678808307259485,0.8754874058143152,1.0,13.323122375491947,12.683452252420711
Average (UK),11,5.5,17:30,400,118.455,0.2961375,0.8006201560223283,0.13560851383094477,2.0729625,1.1494802213645037,1.096397223458397,2.604072461488847,1.5076752380304501,0.8248517032883123,0.8248517032883121,0.5734489986520263,0.8396515654896372,0.9992092320118233,12.970513327099809,12.242214840561305,102.0,0.255,0.6434769885476799,0.07562020620122961,1.785,0.7910838747553233,0.7664384084892205,2.1026923740056827,1.2117915947777165,0.8034944907880758,0.8034944907880756,0.4738713705301034,0.8,0.9980113889292042,12.132838700226813,11.425693100402976,134.0,0.335,0.977029477818217,0.20738369722610833,2.345,1.5101849787182418,1.4402923801693028,3.0850972695861656,1.8185376276638439,0.84551354726647,0.8455135472664699,0.6518516900453983,0.8721619253427229,1.0,13.729669100046408,13.053232701549693
Average (UK),12,6.0,18:00,400,138.26,0.34564999999999996,0.8992248852939063,0.10450533125047037,2.41955,1.297891144381041,1.2538287515091207,3.1286197402228475,1.8747909887137268,0.8267208526051967,0.8267208526051967,0.5755452946633065,0.8430907063999321,0.9995413625708478,13.1741807976523,12.467962844602303,121.0,0.3025,0.7239262181588977,0.04490852238665946,2.1175,0.9276472903478402,0.8841426233897894,2.6041085669881725,1.540583962427302,0.8108221189228663,0.8108221189228663,0.49616296117218717,0.8010985214321831,1.0,12.608738681912985,11.868568244494863,153.0,0.3825,1.0622119904312257,0.17151226626555108,2.6775,1.6643522189578714,1.5877574136442885,3.6642636851275365,2.1827021110801836,0.8442736016529426,0.8442736016529425,0.6456426856790354,0.8649886369541507,1.0,13.812082024092314,13.105445063129894
Average (UK),13,6.5,18:30,400,158.535,0.3963375,0.9680597596518097,0.07903101241494377,2.7743625000000005,1.3990360112502562,1.3661817804546401,3.6627613827176395,2.296579602262999,0.8299403281985566,0.8299403281985566,0.5864672537794609,0.8466093432202121,0.9998805555961647,13.13620116606203,12.470894360280532,142.0,0.355,0.8084901351398925,0.03716321036486299,2.485,1.0271015367914698,0.9967864071463122,3.1080068819711384,1.9074578107208213,0.815332690069167,0.8153326900691668,0.5140179540327382,0.8142257802543225,1.0,12.652086113781662,11.957431308947058,173.0,0.4325,1.1272924794571413,0.12659777775962422,3.0275,1.7661175951002388,1.7386629401939118,4.23405936488672,2.634348247242789,0.8448120795299937,0.8448120795299937,0.6530804015099354,0.8708606334483391,1.0,13.613853014242853,12.954541723458822
Average (UK),14,7.0,19:00,400,178.85,0.447125,1.0034554086340086,0.05554658191901638,3.129875,1.458314020102239,1.4309823749582367,4.190690871871319,2.759708496913082,0.8337176838846839,0.8337176838846844,0.5924470339712715,0.8509156953602486,0.999971180055071,12.955230094113444,12.339130962616586,163.0,0.4075,0.8462392252302205,0.017294711982744685,2.8525,1.1242053620541697,1.0833278358345817,3.622525241880272,2.3721034486687245,0.8161840909211935,0.8161840909211932,0.5191552418824195,0.8279736856029564,1.0,12.523130748784132,11.83857924847122,194.0,0.485,1.1743213038183145,0.10069694541918299,3.395,1.8030593006617974,1.7909782994812482,4.76395967486135,3.1225673460064143,0.8468550235124096,0.8468550235124094,0.6579781208725907,0.8771946433021525,1.0,13.36124841233312,12.743293421085875
Average (UK),15,7.5,19:30,400,199.275,0.4981875,1.0226493753977817,0.03826645885129371,3.4873125,1.4762985591336104,1.4573755279702325,4.700458105209524,3.243082577239291,0.8384492945806761,0.8384492945806766,0.6055067499000686,0.8550218234486866,1.0,12.667800706161795,12.105653216770577,184.0,0.46,0.8505901513550197,0.007392948488983642,3.22,1.1220731324361353,1.109513215964063,4.1294301939192,2.8186527376918047,0.8261509106188315,0.8261509106188323,0.54604326293502,0.8499406193665906,1.0,12.25289354736593,11.66197509574084,214.0,0.535,1.2026575638422878,0.07550746547966074,3.745,1.8587398737167056,1.837065673683454,5.29345250373999,3.628570087495412,0.8504887481973186,0.8504887481973197,0.6663311500361855,0.8850230515576611,1.0,12.992685980915345,12.423122587036419
Average (UK),16,8.0,20:00,400,217.46,0.54365,0.9938565518092597,0.025702613492434443,3.80555,1.430839229372155,1.4202189397704854,5.156689672409836,3.736470732639351,0.8431433292406237,0.8431433292406247,0.6188329058877182,0.8601206247304981,1.0,12.310082762655098,11.810276608163992,203.0,0.5075,0.8270448118791393,0.0008510581534431443,3.5525,1.0701973106057747,1.0527555362318137,4.5723881945938825,3.2916921897832196,0.8315341973498518,0.8315341973498531,0.5506059488231739,0.85,1.0,11.98478054389967,11.475538305293618,232.0,0.58,1.1479607258644366,0.05503626742524012,4.06,1.7970185023637724,1.7937460971720938,5.7578124380166935,4.1649971918981725,0.8539521639663559,0.8539521639663566,0.6826522337483609,0.8934380392806414,1.0,12.620670552267093,12.122278730629324
Average (UK),17,8.5,20:30,400,234.24,0.5856,0.9487074632246073,0.020870411242558964,4.0992,1.359845303513454,1.3514782395851987,5.559686116431701,4.208207876846503,0.8478609339095222,0.8478609339095232,0.6348551931110389,0.8660548629714901,1.0,11.87796422349561,11.43495723176408,220.0,0.55,0.7851462950848719,0.0,3.85,1.0061328825904186,1.0061328825904186,4.944453259539837,3.782469497985669,0.8377931388785121,0.8377931388785127,0.5751792982557464,0.85,1.0,11.565962149987882,11.09974512253364,249.0,0.6225,1.0847915689223564,0.051100864030443525,4.3575,1.675229369078838,1.6620229211245803,6.133896555224291,4.635538652647226,0.8581952561150425,0.8581952561150437,0.6924820415333925,0.9,1.0,12.17847580362661,11.750913280331169
Average (UK),18,9.0,21:00,400,249.44,0.6236,0.8979827867584375,0.015283647737529044,4.3652,1.2723537261034155,1.2683866757196383,5.9329631196058275,4.664576443886189,0.8519836603567349,0.8519836603567361,0.6479360146309362,0.8740105229107239,1.0,11.446509372791333,11.057050416175963,236.0,0.59,0.7290447205446378,0.0,4.13,0.9262555588452273,0.9244502396259192,5.333226999264761,4.2131115532809735,0.8422161735209902,0.842216173520992,0.5970921017574716,0.85,1.0,11.154306684818668,10.780754675882505,264.0,0.66,1.0321387859720204,0.041750446729352006,4.62,1.6080998018111368,1.6080998018111368,6.538716926133813,5.084853203110905,0.860929983357984,0.8609299833579852,0.7,0.9,1.0,11.727436539797438,11.349772500604926
Average (UK),19,9.5,21:30,400,262.995,0.6574875,0.8296479666664389,0.01530823180438622,4.6024125,1.1752936648280667,1.1719762831540068,6.259472055703775,5.087495772549769,0.8556471008892153,0.8556471008892168,0.662291048190578,0.8830911741770733,1.0,10.992827413797603,10.651187379703922,249.0,0.6225,0.6635837167588242,0.0,4.3575,0.8653433150822142,0.8643892635508713,5.653274966436632,4.618862568437534,0.8471696657580944,0.8471696657580954,0.6052546132009278,0.85,1.0,10.735377298368991,10.40268588026414,278.0,0.695,0.9945677640875843,0.042967207143828505,4.865,1.5116088215117034,1.5090278137216062,6.830933177224781,5.533359082599596,0.863933105042067,0.8639331050420683,0.7,0.9,1.0,11.270740247100822,10.933392215368215
Average (UK),20,10.0,22:00,400,274.06,0.68515,0.7464047416382702,0.016973748598460795,4.79605,1.0572788601061918,1.056157511988451,6.533047777997724,5.476890266009274,0.8592608626998489,0.8592608626998506,0.6764522039965807,0.8907863952837487,1.0,10.535168285725439,10.23997317947676,259.0,0.6475,0.5828567161528607,0.0,4.5325,0.7239582151590307,0.7239582151590307,5.862632305221653,4.943116511057956,0.8501358053842701,0.8501358053842722,0.6258135928791109,0.85,1.0,10.280127075809883,9.97294029405879,288.0,0.72,0.9105981436677558,0.04689237461123009,5.04,1.4027258036316732,1.4027258036316732,7.1495214655652015,5.962054417976735,0.8676656152110661,0.8676656152110671,0.7,0.9,1.0,10.814729296168775,10.52611110989822
Average (UK),21,10.5,22:30,400,282.43,0.706075,0.6484072587601087,0.020867349629014105,4.942525,0.909623543362358,0.9086292681504262,6.723361996790973,5.814732728640546,0.8631022171786904,0.8631022171786923,0.6890610383866825,0.8966053587239194,1.0,10.065287561375122,9.817516190871027,267.0,0.6675,0.50730447943334,0.0,4.6725,0.5939228364381852,0.5939228364381852,6.090329052208083,5.266498982185843,0.854994918180259,0.8549949181802606,0.6496215980462845,0.8716530440560823,1.0,9.806444769604598,9.545744472826113,297.0,0.7425,0.8053511830845129,0.05459936016743281,5.1975,1.2503296222064921,1.2503296222064921,7.370046842522703,6.323845191614143,0.8704625573041541,0.8704625573041563,0.7,0.9,1.0,10.351250501980982,10.114568152333085
Average (UK),22,11.0,23:00,400,288.18,0.72045,0.538181330921535,0.027007389958131556,5.04315,0.7475690862954885,0.7467488874249054,6.848443583833262,6.101694696408357,0.8668840294925027,0.8668840294925046,0.6960707822172019,0.8994255102471029,1.0,9.586550154094533,9.385420225437148,274.0,0.685,0.4124687192687207,0.0,4.795,0.4793099393212784,0.4793099393212784,6.229840415006992,5.526708056394693,0.85952372297157,0.8595237229715718,0.66610037830906,0.8990695624708746,1.0,9.329953052524905,9.134132117816007,302.0,0.755,0.6821405039265742,0.06200143637806896,5.285,1.040806566376808,1.040806566376808,7.4551020359861,6.612783331426685,0.8738991037745658,0.8738991037745675,0.7,0.9,1.0,9.866445844353528,9.680970566619592
Average (UK),23,11.5,23:30,400,291.695,0.7292375,0.4333434848684977,0.03587650818017627,5.1046625,0.5865879764460997,0.5855360912417221,6.912912313557558,6.327376222315836,0.8703173947048147,0.8703173947048167,0.6993224625480869,0.8999734114702459,1.0,9.103902180907204,8.946551629687866,278.0,0.695,0.320236863352676,0.0,4.865,0.3561679266208397,0.3561679266208397,6.291800625263457,5.728342849593605,0.8642840896263235,0.8642840896263253,0.6986648211635995,0.9,1.0,8.861090315207512,8.712034472787881,305.0,0.7625,0.5599671875146544,0.0733737928441108,5.3375,0.854997580753815,0.854997580753815,7.520974866129203,6.857673027348438,0.8767165906753702,0.8767165906753723,0.7,0.9,1.0,9.36363976812359,9.21912643773169
Average (UK),24,12.0,00:00,400,294.065,0.7351624999999999,0.3346882382608763,0.050827180685542366,5.1461375,0.4535848453171131,0.4525454728140894,6.950986702968061,6.498441230153971,0.8731561753284389,0.8731561753284409,0.7014163589585387,0.9,1.0,8.617570377372877,8.495733632519153,281.0,0.7025,0.2230439197368428,0.009635844791486825,4.9175,0.24310086890924346,0.24310086890924346,6.327126181623161,5.9043932714779075,0.8670489949142232,0.8670489949142253,0.7,0.9,1.0,8.379800855809327,8.270220928112385,307.0,0.7675,0.45253125007730227,0.09878568525762478,5.3725,0.705461089824805,0.6916920877534912,7.562487414873809,7.0603056041835135,0.8793536357949658,0.879353635794968,0.7096532422325967,0.9,1.0,8.864307874448231,8.759114574222293
Average (UK),25,12.5,00:30,400,295.315,0.7382875,0.25143996505559446,0.0726347227210842,5.1680125,0.34271573780873327,0.34173442931494286,6.954503223960984,6.612768794646041,0.8755273456087407,0.8755273456087427,0.7046400819991773,0.9,1.0,8.131041675714364,8.038246541337722,282.0,0.705,0.16079108966589853,0.024300945664491813,4.935,0.16762843520824375,0.16762843520824375,6.316912343134805,6.044703770943533,0.8695428201669559,0.869542820166958,0.7,0.9,1.0,7.8891854695965815,7.8132582167144875,309.0,0.7725,0.36072634226093747,0.132100905187557,5.4075,0.574568101067081,0.574568101067081,7.534503839427409,7.165176353844301,0.8808294047416168,0.8808294047416189,0.7427031344160389,0.9,1.0,8.390096937710453,8.30147905650077
Average (UK),26,13.0,01:00,400,296.12,0.7403,0.18814578244905722,0.10166367789039094,5.1821,0.2550339089082981,0.2537879647176331,6.932275037901827,6.678487073184194,0.8773159634238968,0.877315963423899,0.7095829218832925,0.9,1.0,7.639780024500681,7.5703167587400095,283.0,0.7075,0.10184222855521304,0.03941083389983209,4.9525,0.10473312190392686,0.10473312190392686,6.302141320863602,6.108832126166419,0.8714617181407348,0.8714617181407371,0.7,0.9,1.0,7.39178998481207,7.331103070958816,310.0,0.775,0.2787607843495725,0.16794483113876338,5.425,0.45020908361990825,0.45020908361990825,7.482002443842481,7.228247405282591,0.8819725487673069,0.881972548767309,0.75,0.9,1.0,7.907399194854235,7.8377903294154265
Average (UK),27,13.5,01:30,400,296.93,0.742325,0.14361351962207067,0.13816999809728855,5.196275000000001,0.19254840332253387,0.19105050690110992,6.892196443467821,6.701145936566711,0.8785939745937071,0.8785939745937092,0.7144006145719786,0.9,1.0,7.152951038256008,7.100206862080645,283.0,0.7075,0.06707818038925854,0.06803671994461143,4.9525,0.059991114429933635,0.059991114429933635,6.266512286935718,6.139909580597857,0.8731083008304181,0.8731083008304202,0.7,0.9,1.0,6.904004969066471,6.86012970789703,310.0,0.775,0.22418191928188475,0.21197538742402525,5.425,0.35636925599075264,0.34607342201930896,7.446559870403467,7.25347946438408,0.8829590245462463,0.8829590245462483,0.75,0.9,1.0,7.411814331355871,7.3593517560709785
Average (UK),28,14.0,02:00,400,297.64,0.7441,0.10959780068737839,0.1883295271465475,5.2087,0.14619098290297505,0.1447412971224954,6.82805900271813,6.683317705595634,0.8795293459220476,0.8795293459220497,0.7191973070004722,0.9,1.0,6.665480326909408,6.625394080661186,284.0,0.71,0.04273594213085781,0.10871032521742992,4.97,0.04685342187083778,0.04685342187083778,6.206059359496994,6.13073931108424,0.8743997778206097,0.8743997778206118,0.7,0.9,1.0,6.4037926700633,6.375984058884521,310.0,0.775,0.1843929474053906,0.2866776780658025,5.425,0.27575153692709153,0.2703597439898437,7.381042957833759,7.204133045209465,0.8835610236890413,0.8835610236890433,0.75,0.9,1.0,6.939596996611445,6.882134978700202
Average (UK),29,14.5,02:30,400,298.365,0.7459125,0.08682050676680833,0.2573619297465872,5.2213875,0.11418926821194628,0.11182415383246237,6.733551700694208,6.621727546861745,0.8801867962720182,0.8801867962720203,0.7219044607963891,0.9,1.0,6.179738550497905,6.148332734535936,285.0,0.7125,0.02914823826670121,0.1670689338241416,4.9875,0.03025987781799268,0.03025987781799268,6.1126920731681835,6.075783319985357,0.8756787671530404,0.8756787671530425,0.7,0.9,1.0,5.903792670063299,5.883574811977013,311.0,0.7775,0.15818010986696276,0.3635853388118013,5.4425,0.22649926228251502,0.22649926228251502,7.288104874970726,7.15141638173495,0.8842846667555756,0.8842846667555774,0.75,0.9,1.0,6.455340892629321,6.43845129065543
Average (UK),30,15.0,03:00,400,298.24,0.7456,0.06496489432282111,0.3450307045326248,5.2192,0.0833731401177557,0.08104431530828896,6.591519217464974,6.510474902156684,0.8808402981870411,0.8808402981870432,0.7258001757047593,0.9,1.0,5.692453070320916,5.669178512988819,285.0,0.7125,0.022596608920258908,0.23250397248247207,4.9875,0.016410254441557415,0.016071731398272504,5.990647000766195,5.946283966696801,0.8766844620651838,0.876684462065186,0.7,0.9,1.0,5.422799927480561,5.413096171502204,311.0,0.7775,0.12237502475814405,0.44481730741442255,5.4425,0.191260735531316,0.1881194372696115,7.1269384135094676,7.014518658582318,0.8845325887379557,0.8845325887379578,0.75,0.9,1.0,5.96962998709026,5.942639556308494
Average (UK),31,15.5,03:30,400,297.345,0.7433625,0.044621984108802186,0.4543814391142179,5.2035374999999995,0.055864344401700954,0.054177575588396,6.39325195554578,6.339074379957383,0.8813405288490049,0.8813405288490072,0.730385776190693,0.9,1.0,5.208858238251363,5.192938333345496,284.0,0.71,0.011278846283316803,0.32494123926992813,4.97,0.0037495355919664464,0.00374067342355037,5.810879108894465,5.7758921621126635,0.8768976674751772,0.8768976674751793,0.7,0.9,1.0,4.946703127438969,4.923771540499271,311.0,0.7775,0.08658803022182575,0.5759075793779066,5.4425,0.14119738786034253,0.13805454327070604,6.90857581799582,6.850935708284785,0.8849360082466149,0.8849360082466174,0.75,0.9,1.0,5.487249720885954,5.469559917414283
Average (UK),32,16.0,04:00,400,295.595,0.7389875,0.030319527348159257,0.584516312315048,5.1729125,0.03733988346879247,0.03586831167287288,6.134324718742648,6.098456407069775,0.8816962719683563,0.8816962719683584,0.7321673017091609,0.9,1.0,4.737944255692421,4.72705790303501,282.0,0.705,0.0017564961760125155,0.44631690798535567,4.935,0.0,0.0,5.580948737602805,5.567335264390261,0.8776280949000308,0.877628094900033,0.7,0.9,1.0,4.472467491949738,4.456862415524023,310.0,0.775,0.0625438462897722,0.7391235057884447,5.425,0.10428680022153994,0.10428680022153994,6.616765379439751,6.5736904801462615,0.8854619959562968,0.8854619959562992,0.75,0.9,1.0,5.0136236155089735,4.9979128472323175
Average (UK),33,16.5,04:30,400,292.775,0.7319374999999999,0.020978918213039956,0.7352382220512145,5.1235625,0.02477754869862482,0.02383011639568099,5.8073842542771015,5.78355413788142,0.8819223913155717,0.8819223913155738,0.7348962801227582,0.9,1.0,4.2824926177665645,4.275074401831758,279.0,0.6975,0.0,0.5814033651512479,4.8825,0.0,0.0,5.287816661002637,5.278043255767765,0.87797687955083,0.8779768795508324,0.7,0.9,1.0,4.026620163158211,4.01361350929277,308.0,0.77,0.04721469308357792,0.89599894616944,5.39,0.08070008996231287,0.07442737717134422,6.275002362633469,6.251747133931997,0.8858361774744027,0.8858361774744051,0.7575000000000001,0.9,1.0,4.56288858342613,4.553421651852836
Average (UK),34,17.0,05:00,400,287.17,0.717925,0.015056705893079695,0.8955751028438059,5.025475,0.01716826625096293,0.01607653430295132,5.399212059634558,5.383135525331607,0.8821377632576399,0.882137763257642,0.7362967248396702,0.9,1.0,3.8643746563719157,3.8591106158273965,272.0,0.68,0.0,0.7354039083871,4.76,0.0,0.0,4.933497573715808,4.925564908428768,0.8776094276094276,0.8776094276094298,0.7,0.9,1.0,3.601692932548081,3.58765709579,303.0,0.7575,0.04115914253646528,1.0572708085095521,5.3025,0.05712006632043545,0.05653118582302729,5.85121944283322,5.822483729232771,0.8860287259996166,0.8860287259996185,0.775,0.9,1.0,4.158305360205194,4.139990873727464
Average (UK),35,17.5,05:30,400,279.295,0.6982375000000001,0.011313516284970097,1.0644338974248493,4.8876625,0.013006764355139332,0.011691899551135547,4.913865722930459,4.902173823379323,0.8822508271596509,0.882250827159653,0.7367652830035156,0.9,1.0,3.472142816511286,3.4681744497883664,265.0,0.6625,0.0,0.8748651708954961,4.6375,0.0,0.0,4.486652079327772,4.483688202188981,0.8776223776223776,0.8776223776223796,0.7,0.9,1.0,3.2014498169973087,3.1921542211496634,295.0,0.7375,0.035239981647970486,1.237052888060259,5.1625,0.05931618659261129,0.04714230900312218,5.341834671872521,5.30974265728614,0.8866218374643092,0.8866218374643111,0.7708285029904988,0.9,1.0,3.7463984899237244,3.735855368421845
Average (UK),36,18.0,06:00,400,264.86,0.66215,0.009574512544635367,1.1856842634965485,4.63505,0.01141472256045633,0.009937491367372701,4.345267370535918,4.335329879168545,0.8824431639339521,0.8824431639339541,0.7376972136997781,0.9,1.0,3.1541358735219074,3.150618271376548,251.0,0.6275,0.0,1.0041184156193228,4.3925,0.0,0.0,3.940308022285492,3.940308022285492,0.8780075187969925,0.8780075187969945,0.7,0.9,1.0,2.87291073568088,2.8718035938826123,280.0,0.7,0.03034586330075617,1.3768234464268514,4.9,0.05092324408942735,0.042199351090244655,4.7840349373685385,4.767083656064303,0.8869704239496595,0.8869704239496613,0.7875000000000001,0.9,1.0,3.444880861250148,3.4380326206234946
Average (UK),37,18.5,06:30,400,243.915,0.6097874999999999,0.008999681688955747,1.2374743826554606,4.2685125,0.010027052087652763,0.008739307302074227,3.7438371288612835,3.7350978215592097,0.8825178669309313,0.8825178669309329,0.7399181256443103,0.9,1.0,2.9144478103152602,2.911115138362382,228.0,0.57,0.0,1.063664841076057,3.99,0.0,0.0,3.3785748717284685,3.356615468748819,0.8777108433734939,0.8777108433734956,0.7,0.9,1.0,2.610763503685525,2.610763503685525,259.0,0.6475,0.030566279617909774,1.396341311259047,4.5325,0.04809050203078061,0.04288474808872004,4.151674651444642,4.1382027536992965,0.8871681415929203,0.8871681415929216,0.8,0.9,1.0,3.2082352384141286,3.1942586012806475
Average (UK),38,19.0,07:00,400,216.24,0.5406,0.015500662911026045,1.188962227438962,3.7842000000000002,0.01728945838600334,0.013342955471314713,3.1349580436533215,3.121615088182007,0.8820571004024077,0.882057100402409,0.7397760051842185,0.9,1.0,2.7837322440211945,2.777572851362196,200.0,0.5,0.0,1.0138713166665558,3.5,0.0,0.0,2.7746400146495227,2.754550955658514,0.8762621355537191,0.8762621355537207,0.7,0.9,1.0,2.466524650936124,2.457340598547312,231.0,0.5775,0.038913199939908154,1.3398762805434854,4.0425,0.07224613327880737,0.05824135736403777,3.552152528439558,3.5406960690432006,0.8886743691098664,0.8886743691098674,0.8,0.9,1.0,3.087734993176634,3.087054879245536
Average (UK),39,19.5,07:30,400,183.06,0.45765,0.022950519150706894,1.0143965324789939,3.2035500000000003,0.02873625034030891,0.02334812432940336,2.599648448048538,2.5763003237191344,0.8819503431453036,0.8819503431453044,0.7405838899048633,0.899875,1.0,2.7929772178426906,2.7814421374925784,168.0,0.42,0.0010922441946820496,0.8694476162989999,2.94,0.0,0.0,2.251716736744717,2.2418179746948135,0.8750961608503047,0.8750961608503057,0.7,0.9,1.0,2.4239432084126546,2.4122912808984096,198.0,0.495,0.057401075529332296,1.1653506353589373,3.465,0.10785612520604604,0.08353510941875322,2.9755975371368266,2.961903203114744,0.8883152173913044,0.8883152173913049,0.8,0.9,1.0,3.1822837949960032,3.174301515923523
Average (UK),40,20.0,08:00,400,152.375,0.3809375,0.037635312826958936,0.8152246871597799,2.6665625,0.045770050597368626,0.03721653943135981,2.1721844506891497,2.1349679112577893,0.8812479719403004,0.8812479719403007,0.7361839298543278,0.8997750370216739,1.0,2.89091904454208,2.868558372166648,136.0,0.34,0.008063767554562692,0.6731795962446574,2.38,0.0,0.0,1.8504121776938671,1.8042423747964937,0.8728197207276074,0.8728197207276077,0.7,0.9,1.0,2.47259892273625,2.4722916676005546,167.0,0.4175,0.07910116242633689,0.946018108422379,2.9225,0.14312046415429067,0.1149006443535847,2.5242982662144127,2.4751025218976013,0.8897164410073308,0.8897164410073309,0.8,0.9,1.0,3.3011761491802623,3.28683537125354
Average (UK),41,20.5,08:30,400,125.015,0.3125375,0.0538057726696577,0.616739632694404,2.1877625,0.06468299912651991,0.053200673676272806,1.8514695225065543,1.7982688488302816,0.8802300152226121,0.8802300152226121,0.734928423663352,0.8990793282988634,1.0,3.0945955955768367,3.0551644405397296,112.0,0.28,0.01964895345012492,0.5116380302837166,1.96,0.004107696572260936,0.002834385421047284,1.5386719488874456,1.4817737168711227,0.8687478171382241,0.8687478171382238,0.7,0.9,1.0,2.6856631504078687,2.6562912683938826,139.0,0.3475,0.09443093278726625,0.7336074936927552,2.4325,0.15947286035823682,0.14459588191821524,2.17718345762332,2.1481679802576115,0.8901265139739739,0.890126513973974,0.8,0.9,1.0,3.5014191031518678,3.4663903836958534
Average (UK),42,21.0,09:00,400,105.945,0.2648625,0.06741703592689254,0.4779544904095191,1.8540375,0.08532001016600205,0.06712936687636006,1.6321970189266253,1.5650676520502653,0.8782651535499455,0.8782651535499454,0.7320111614154675,0.8980212858041767,1.0,3.2735993357560087,3.212581049879657,93.0,0.2325,0.026494468347829273,0.3667314307564063,1.6275,0.008186702934610712,0.004751873237741103,1.3190747949628112,1.2412737141449548,0.8648134057315513,0.8648134057315514,0.7,0.8876621494638053,1.0,2.8044738146709167,2.740983966473449,119.0,0.2975,0.10980135592564037,0.5921255881069617,2.0825,0.18349846026156655,0.161126596842722,1.9708369726510497,1.885185606419059,0.8898571237683365,0.8898571237683366,0.8,0.9,1.0,3.690149524146163,3.628827293308715
Average (UK),43,21.5,09:30,400,94.575,0.2364375,0.07563201270524528,0.4191429422547259,1.6550624999999999,0.0940869265214705,0.07397749097560372,1.4499655828696156,1.3759880918940122,0.8769648304406161,0.8769648304406158,0.727341532655866,0.8966947952851104,1.0,3.305347317356008,3.229828894135463,82.0,0.205,0.030506368305470266,0.3191501983204747,1.435,0.015520702612087028,0.009824910393125125,1.1406902331931894,1.0730357992322772,0.8637991518891642,0.8637991518891642,0.7,0.85,1.0,2.763782009701309,2.7050673926934836,108.0,0.27,0.1283727740899932,0.5287427809329486,1.89,0.19057455189059083,0.16131666342300888,1.790386693598366,1.6921257690045377,0.8903169561622581,0.8903169561622579,0.8,0.9,1.0,3.9072302372987813,3.8090949798539864
Average (UK),44,22.0,10:00,400,85.165,0.2129125,0.08472224946638214,0.3727896099706935,1.4903875,0.10096238797551377,0.07864450916258635,1.2991641810419505,1.2205196718793645,0.875877251834255,0.8758772518342548,0.7262879969084867,0.895188293769141,1.0,3.338133471683695,3.2480438352152454,73.0,0.1825,0.0398600269278236,0.2704099014214555,1.2775,0.016327191713388735,0.015268205772941468,1.00868379841758,0.9514227725126264,0.8615525670127757,0.8615525670127757,0.6983366832984962,0.85,1.0,2.731895672724437,2.6574324937760783,97.0,0.2425,0.1410351060036753,0.4755298955531697,1.6975,0.22680288415395733,0.171774663370536,1.6255402708036066,1.525766005558352,0.8904143541899172,0.8904143541899169,0.8,0.9,1.0,3.939960771296599,3.86134351289593
Average (UK),45,22.5,10:30,400,77.65,0.19412500000000002,0.08981452640912643,0.3448545144730864,1.3588749999999998,0.10922078137887356,0.08297130271255433,1.1677361718572694,1.0847648691447151,0.8745735379235158,0.8745735379235154,0.7246927113526591,0.8940847058154462,1.0,3.3488658412847996,3.2421014298698196,66.0,0.165,0.040732380979939586,0.2569842697724434,1.155,0.01746887557169112,0.014971769568897066,0.8899736818381596,0.8399183237560736,0.8563313289781601,0.8563313289781591,0.6837853769707054,0.85,1.0,2.6072409700162975,2.5279748366293333,90.0,0.225,0.14613193347496448,0.4588642233460361,1.575,0.23891009918329814,0.18540692271913461,1.488144711269054,1.3623968353408136,0.8905211076386124,0.8905211076386123,0.8,0.9,1.0,3.980992837810877,3.8689177840355797
Average (UK),46,23.0,11:00,400,71.23,0.178075,0.10355023156829653,0.3163638415291281,1.246525,0.12998933369711158,0.10058668637199152,1.068385056195766,0.9677983698237743,0.8722481443330824,0.872248144333082,0.7168458229294518,0.8908905763724533,1.0,3.4793082358318217,3.3396694374837335,60.0,0.15,0.04750917624012749,0.21876840093376093,1.05,0.028203880207113063,0.020678472345450914,0.7941540148706064,0.6852150011201786,0.8523734982467029,0.8523734982467025,0.6525,0.85,1.0,2.730718545745761,2.608664573803751,83.0,0.2075,0.16854719879732571,0.4141151991221962,1.4525,0.2731120894651468,0.21566093229280653,1.3927736697811985,1.236759805443838,0.8908857501433106,0.8908857501433101,0.8,0.9,1.0,4.161464868448793,4.013615079838408
Average (UK),47,23.5,11:30,400,66.315,0.1657875,0.12306552489011334,0.2913596548784173,1.1605125,0.16071025838846956,0.12306276247381011,0.9947552430173829,0.8716924805435727,0.8684440224478064,0.868444022447806,0.707280556457317,0.8864962736097772,1.0,3.7076167675372926,3.5237613748291996,55.0,0.1375,0.05750592345767373,0.20797167667198027,0.9625,0.04484854903131664,0.034416029852817,0.7127792767355118,0.6116319129634581,0.8466187779195735,0.846618777919573,0.6429212732352659,0.85,1.0,2.9069626860930304,2.706477206047726,78.0,0.195,0.19453927014281205,0.37436284161210537,1.365,0.31382336129522315,0.24002848732379622,1.29145245474994,1.1477872799783635,0.8892203940768699,0.8892203940768694,0.7949481523361713,0.9,1.0,4.5326655467654104,4.3693146862704015
Infrequent charging,0,0.0,12:00,100,3.825,0.03825,0.03313017546430503,0.1341953108817459,0.26775,0.13045663942716498,0.13045663942716498,0.6042617145349866,0.47380507510782155,0.8369956268303269,0.8369956268303269,0.6993139518619615,0.8545541053694341,0.9434184700278728,5.554875443249196,4.992491620489342,1.0,0.01,0.0,0.0,0.07,0.0,0.0,0.07128276473635262,0.06286733980245314,0.6349918347596053,0.6349918347596054,0.2644666488423999,0.7153611621258663,0.8,1.2321683712405787,1.2321683712405787,7.0,0.07,0.13999999999999996,0.2799999999999999,0.49,0.5926742845413073,0.5926742845413073,1.3757619458458503,1.072837176923207,0.96,0.96,0.9068852433657562,1.0,1.0,13.593661606476065,12.146020481624316
Infrequent charging,1,0.5,12:30,100,3.59,0.0359,0.041785231950351914,0.11697125388334735,0.25129999999999997,0.1615531256186719,0.1615531256186719,0.5916734327433326,0.4301203071246607,0.8240223929466848,0.8240223929466848,0.6783850312488121,0.8464171687480928,0.9384615525856002,6.325261796787207,5.573262911775464,1.0,0.01,0.0,0.0,0.07,0.0,0.0,0.04300040824839664,0.04300040824839664,0.6210006331772407,0.6210006331772409,0.24548470277877008,0.7,0.8,1.1803157847149706,1.1803157847149706,6.0,0.06,0.13999999999999996,0.2759967909800447,0.42,0.6456393089533262,0.6456393089533262,1.2746363272083572,0.9812651362362682,0.9626184770290769,0.9626184770290768,0.9087855431087231,1.0,1.0,13.832536233163664,12.796594934597602
Infrequent charging,2,1.0,13:00,100,3.43,0.034300000000000004,0.05446669651801498,0.1031426114620459,0.2401,0.2048937006782831,0.2048937006782831,0.6039138745761722,0.399020173897889,0.8005956316554182,0.8005956316554182,0.6370478988790119,0.8263238264082838,0.9271846458724418,7.470945589569352,6.4913880731826,1.0,0.01,0.0,0.0,0.07,0.0,0.0,0.04633664912114617,0.029191123013398827,0.5839834181537226,0.5839834181537226,0.20380813745810025,0.6009749234001434,0.79,1.5771744619462638,1.5771744619462638,6.0,0.06,0.1494837534388821,0.24476506606466714,0.42,0.7373179038593279,0.7373179038593279,1.2904472193653849,0.903787352854873,0.95,0.9500000000000001,0.905,1.0,1.0,17.05508155801001,14.484415097683115
Infrequent charging,3,1.5,13:30,100,3.34,0.0334,0.06611829209513813,0.09144775005482549,0.23379999999999998,0.2366932556066143,0.2366932556066143,0.6172648793243186,0.38057162371770437,0.7867093827912509,0.7867093827912509,0.6223815204884794,0.8151791292914674,0.9146128505393475,8.279477247843136,7.118125070968767,1.0,0.01,0.0,0.0,0.07,0.0,0.0,0.06459810102578789,0.038821733233301986,0.5470450406283837,0.5470450406283837,0.18486224662669473,0.5538990753877944,0.766609137161896,1.4472028465890823,1.4472028465890823,6.0,0.06,0.19254275149240271,0.20999999999999996,0.42,0.8389048126994005,0.8389048126994005,1.4903244401847064,0.8687873528548732,0.9666666666666667,0.9666666666666667,0.9126729863383564,1.0,1.0,17.698030182484548,14.914100630715826
Infrequent charging,4,2.0,14:00,100,3.495,0.03495,0.08728548472313694,0.08249263953355168,0.24465,0.3153959250811826,0.3153959250811826,0.6904246342094902,0.3750287091283076,0.760560026462394,0.760560026462394,0.571838136044878,0.7858167988764639,0.9128561026404466,9.288935497780129,7.844259547340734,1.0,0.01,0.0,0.0,0.07,0.0,0.0,0.04103189141229528,0.038763304467931976,0.49356030842590104,0.4935603084259011,0.1612810256799525,0.44597608840006403,0.7727673334129032,1.4156836655337084,1.4156836655337084,7.0,0.07,0.22928627287928488,0.20289633670797463,0.49,0.9707811735511694,0.9707811735511694,1.595568240188646,0.8337873528548729,0.95,0.95,0.905,1.0,1.0,17.871132971226995,14.7596103825171
Infrequent charging,5,2.5,14:30,100,3.58,0.0358,0.10680141266836995,0.07101568815159719,0.2506,0.38426217644165384,0.38426217644165384,0.7694792391102179,0.38521706266856404,0.7334035324468586,0.7334035324468586,0.5347073669510828,0.762515479817302,0.8962114904978908,10.597144180997521,8.840574290760971,1.0,0.01,0.0,0.0,0.07,0.0,0.0,0.0363480106624933,0.02380576672270962,0.46418092641154574,0.4641809264115457,0.14533483974721917,0.36407788317605216,0.7014933001500345,2.1538170638802954,2.1538170638802954,7.0,0.07,0.26875786825267534,0.18871754687551123,0.49,1.1445775523838817,1.1445775523838817,1.6898363599055157,0.8857924384376865,0.95,0.9500000000000001,0.905,0.9941110830653591,1.0,17.868345070100077,15.315246252952317
Infrequent charging,6,3.0,15:00,100,4.03,0.0403,0.14203880050957932,0.06065084972814903,0.2821,0.5389538379248721,0.5389538379248721,0.9515207118427093,0.41256687391783714,0.6899940620092961,0.6899940620092961,0.4544723576134079,0.7221788271686473,0.8822624026081191,12.003236295586907,9.737509642681687,1.0,0.01,0.0,0.0,0.07,0.0,0.0,0.12993714254515637,0.0363480106624933,0.40877316787250534,0.4087731678725054,0.12273696259568152,0.35125819247348294,0.5839647550086557,4.988815226933827,4.062933066935842,8.0,0.08,0.30015876360079574,0.16887808413428515,0.56,1.2715306700612319,1.2715306700612319,2.1099248879552994,0.9085651245626191,0.9,0.9,0.8745086393082526,0.95,1.0,17.887614626960122,14.813186303567141
Infrequent charging,7,3.5,15:30,100,4.705,0.04705,0.1875379648642422,0.05384097800556213,0.32935000000000003,0.7051168012718495,0.7051168012718495,1.1723796588968545,0.467262857625005,0.6612762308218363,0.6612762308218363,0.391052523777457,0.6929384574005649,0.8840635505269299,12.811646886226754,10.281512547694318,2.0,0.02,0.015735326034789443,0.0,0.14,0.0,0.0,0.1876194637486738,0.05400377233576286,0.4206191777730839,0.42061917777308383,0.12291672415351695,0.349997581185772,0.7069943751723626,6.294782569968173,4.850544951051313,9.0,0.09,0.37011605848759777,0.13999999999999996,0.63,1.574457579920248,1.574457579920248,2.2829618765392796,0.9724952159450195,0.8782362421285609,0.8782362421285608,0.805,0.9,1.0,17.592350929694792,14.82062307413586
Infrequent charging,8,4.0,16:00,100,5.615,0.056150000000000005,0.2455625700123204,0.046420998734692735,0.39305,0.920705420616147,0.920705420616147,1.4683812145381574,0.5476757939220105,0.6419899254944046,0.6419899254944046,0.3516491778660052,0.6635543399205646,0.8880278242331003,13.281793746328137,10.547733490400773,2.0,0.02,0.05586740683268676,0.0,0.14,0.0325012659522524,0.0325012659522524,0.3111068781721283,0.10064190776441649,0.4304161085037533,0.4304161085037532,0.10553847695208474,0.37204224007089615,0.7205597343189483,6.378740005272415,5.591556674184347,9.0,0.09,0.46417098232127985,0.13999999999999996,0.63,1.970095770916518,1.970095770916518,2.7085505257461784,1.0778899795723136,0.8666666666666667,0.8666666666666667,0.8,0.9,1.0,17.13112430458319,14.647559122338599
Infrequent charging,9,4.5,16:30,100,6.745,0.06745,0.31995706515760547,0.03615174062976969,0.47215,1.165977913333528,1.165977913333528,1.8349782468143083,0.6690003334807807,0.6298536103469978,0.6298536103469978,0.3067151568066757,0.6595441235492916,0.8990030593463794,13.906931604133751,11.004993507359798,3.0,0.03,0.11843036015605493,0.0,0.21,0.29948558840958833,0.29948558840958833,0.5361904885383956,0.1381291996712066,0.44535034711811666,0.4453503471181167,0.11328416203750227,0.4152053466580034,0.6991947907115156,10.03457279726882,7.561064120638659,11.0,0.11,0.559268580735257,0.13999999999999996,0.77,2.089908877538994,2.089908877538994,3.1743724021318855,1.2534504779365145,0.8009074507786289,0.8009074507786289,0.5991273398077943,0.8921807087098308,1.0,16.769301209292546,14.14972645408092
Infrequent charging,10,5.0,17:00,100,8.13,0.08130000000000001,0.40484217985396903,0.027036512568538715,0.5690999999999999,1.4508062651787017,1.4508062651787017,2.282792446477381,0.8319861812986793,0.6214124437083524,0.6214124437083524,0.27452605371523053,0.6567884401851442,0.902604425744973,14.19098816839173,11.210174862974238,4.0,0.04,0.16558710563395707,0.0,0.28,0.4706236856634527,0.4706236856634527,0.9195961883531285,0.18245229915973454,0.4247342490204758,0.42473424902047585,0.0980631280630453,0.3950921912494459,0.7239687490050416,11.136429575557639,8.43212249432787,12.0,0.12,0.6615178560322793,0.1259009656553709,0.84,2.6759366681627923,2.6759366681627923,3.9861716521616994,1.4942772057266216,0.7868268413821391,0.786826841382139,0.5437263224105187,0.855311057026163,1.0,16.595208432094744,13.831298528666537
Infrequent charging,11,5.5,17:30,100,10.19,0.10189999999999999,0.5200380914962648,0.021762640808615244,0.7132999999999999,1.880670864156803,1.880670864156803,2.9315248448797497,1.0508539807229467,0.6121625864882442,0.6121625864882442,0.23742674708320094,0.6537437374355156,0.9152210844581229,14.075362978948185,11.010301453249912,6.0,0.06,0.2702542111259189,0.0,0.42,0.7775160159025677,0.7775160159025677,1.4256702265125012,0.31784902090852635,0.46810883509187884,0.4681088350918789,0.07959062936497058,0.42683589061949356,0.7832216464001631,12.22940688931269,8.725058309266892,15.0,0.15,0.798762055137158,0.09135911827429616,1.05,3.2973584230972324,3.2973584230972324,4.873233589309963,1.8241558219107028,0.7428378160925356,0.7428378160925356,0.47668001498985935,0.8236732976666726,1.0,16.033960786214703,13.3544035094695
Infrequent charging,12,6.0,18:00,100,12.335,0.12335000000000002,0.6265561736146751,0.015643897524424147,0.8634499999999999,2.279640826553451,2.279640826553451,3.609324916736047,1.3296840901825966,0.6121982489646619,0.6121982489646619,0.22331360882659212,0.6568110246630241,0.9276976723632935,13.871509203204846,10.818619370246774,8.0,0.08,0.3556528750824742,0.0,0.56,1.1088415151890971,1.1088415151890971,1.9640305039656538,0.46417093319776304,0.4911800598852421,0.4911800598852421,0.09120508573104424,0.4684314124683435,0.8215908330863885,12.193328120261642,8.962012953751803,18.0,0.18,0.950970146199974,0.07,1.26,3.7215327344809133,3.7215327344809133,5.793943821305241,2.1789148132687304,0.7403068915554726,0.7403068915554726,0.42570803789058753,0.8,1.0,15.456718756622113,12.615155816246245
Infrequent charging,13,6.5,18:30,100,14.295,0.14295,0.7260845631487549,0.013719703876464802,1.00065,2.556220552555289,2.556220552555289,4.216368615624841,1.6601480630695522,0.6213536457248116,0.6213536457248116,0.23093393207733243,0.6627435045923059,0.9361438758127639,13.534701319417145,10.572903644405805,9.0,0.09,0.4044187331967292,0.0,0.63,1.2945209072161625,1.2945209072161625,2.419950007192064,0.7472713551769367,0.5132510888494126,0.5132510888494126,0.10338439321980236,0.4824582615051367,0.8515135119146915,12.30300580238645,8.935326636400957,20.0,0.2,1.0227349636670053,0.06999999999999998,1.4,4.1313303017737315,4.1313303017737315,6.314892176626577,2.6146255125078666,0.7280943045978214,0.7280943045978214,0.404996219509272,0.8,1.0,14.875936786319823,12.22685771527066
Infrequent charging,14,7.0,19:00,100,16.625,0.16625,0.8173161999091889,0.014173614553395088,1.16375,2.8687393128924272,2.8680437266655794,4.909312664217847,2.0412689375522675,0.6310738577947784,0.6310738577947784,0.23249587259724044,0.6756555830009934,0.9450139642123073,13.191216708551062,10.34558084810847,11.0,0.11,0.4825423915422764,0.0,0.77,1.5440854291249508,1.5440854291249508,2.984826301430277,1.0932948492940036,0.5325049129806131,0.5325049129806131,0.10534755399259353,0.49995799035036603,0.8577965517823462,12.032456476974609,8.709354076850564,23.0,0.23,1.157240024117503,0.06999999999999998,1.61,4.679648241857787,4.673966989140757,7.264927006314706,3.1285493036779974,0.7324446624242112,0.7324446624242112,0.39418662914158353,0.8,1.0,14.387570921497131,11.904880423336857
Infrequent charging,15,7.5,19:30,100,18.635,0.18635000000000002,0.88534504226147,0.01745984502533202,1.3044499999999999,3.0509490649588513,3.05014034325482,5.509191591322527,2.4590512480677074,0.6445860289080855,0.6445860289080855,0.24308936779381038,0.6905669931253287,0.9547931090889987,12.78267499870089,10.071240273384452,13.0,0.13,0.5229267209241103,0.0,0.91,1.621727253882701,1.621727253882701,3.5668465122202577,1.456158231452926,0.5465019662224385,0.5465019662224384,0.10436056641813746,0.5389412915097496,0.8868891732248565,11.754404516417072,8.548344447301272,25.0,0.25,1.2387370891635097,0.07000000000000002,1.75,4.7403896901821065,4.7403896901821065,7.9423427496061825,3.6733561057374766,0.7396782789887502,0.7396782789887502,0.4247567650383279,0.8,1.0,13.825723512017039,11.555767764757332
Infrequent charging,16,8.0,20:00,100,20.27,0.2027,0.9344617456635781,0.025787962107035742,1.4188999999999998,3.0883097351824715,3.0874731582429615,5.993270290578538,2.905797132335576,0.6620709184550839,0.6620709184550839,0.26307451617733457,0.7135705649414261,0.962304620898038,12.337646346002552,9.810478044559272,14.0,0.14,0.5772780594807185,0.0,0.98,1.581851573875904,1.581851573875904,3.6683831608093724,1.86441297695011,0.5763824474582544,0.5763824474582544,0.12038846738755421,0.5902022443294397,0.899792724233216,11.422670699822612,8.396154935796911,26.0,0.26,1.2910232935481734,0.10650642540676364,1.82,4.663747057578008,4.663747057578008,8.260334108994776,4.208750524729206,0.7541770016720292,0.7541770016720293,0.45318825473372676,0.8066453374815321,1.0,13.36328527719878,11.266891580371007
Infrequent charging,17,8.5,20:30,100,21.865,0.21865,0.9616788161480931,0.03779150600325682,1.53055,3.103829938154547,3.1025744341009767,6.467766463479958,3.365192029378981,0.6773334676211717,0.677333467621172,0.2799497760834434,0.7272118830314431,0.9696342067760283,11.890525647371899,9.52563334560966,16.0,0.16,0.5999762841720855,0.0,1.12,1.7098224594797589,1.701351447118177,4.339967532836744,2.227009673388789,0.5907399231744167,0.5907399231744167,0.1329677446854907,0.5795112448072812,0.9,11.001264924451304,8.164255589316602,28.0,0.28,1.307665730913522,0.13999999999999996,1.96,4.630995744882563,4.630995744882563,8.831391696107067,4.696592399085374,0.7615218846123127,0.7615218846123131,0.4327968295753205,0.823923680862195,1.0,12.948019880835796,11.021636092350615
Infrequent charging,18,9.0,21:00,100,23.26,0.23260000000000003,0.970681886600513,0.05652909900800842,1.6281999999999999,3.0645750042095377,3.062644344993178,6.889108913325199,3.8264645683320206,0.692313499261838,0.692313499261838,0.28926298761959557,0.7443507137997352,0.9760614528661538,11.432715613227701,9.231125459686275,17.0,0.17,0.6073581022046325,0.0,1.19,1.6749106285158752,1.6749106285158752,4.7831589460362816,2.5768638936480555,0.6090733374091594,0.6090733374091594,0.12979027145122185,0.6051665184122927,0.9,10.508338558412452,8.00565674396548,30.0,0.3,1.3328868747345899,0.18957984882986467,2.1,4.784657247798089,4.7454609327981805,9.119197410317073,5.232003329495208,0.771204647916744,0.7712046479167444,0.43414357704508927,0.825,1.0,12.454458762567405,10.422602639527156
Infrequent charging,19,9.5,21:30,100,24.625,0.24625,0.974136883421464,0.08132181549698203,1.72375,2.981123894590127,2.977557268740686,7.2557425418914026,4.278185273150717,0.7081379171879205,0.7081379171879206,0.2995880156967936,0.7608241087620172,0.9817943257376044,10.94705040169869,8.90763673802801,19.0,0.19,0.5910426232377621,0.0,1.33,1.6617799160062867,1.6617799160062867,4.920270235155816,2.9095204231867915,0.6358326236412846,0.6358326236412846,0.15220653323792177,0.6543999662590236,0.9146435443351223,10.023037004984893,7.79183671683549,31.0,0.31,1.3277395762456923,0.21,2.17,4.521095685020761,4.521095685020761,9.795076878543274,5.804730347450151,0.7739429530893592,0.7739429530893593,0.44908402743471576,0.8203158702499157,1.0,11.957419189344366,10.151848198617595
Infrequent charging,20,10.0,22:00,100,25.625,0.25625,0.9474427684368615,0.11477191908674649,1.79375,2.811362897167048,2.806009935520132,7.518986255754024,4.712976320233892,0.7253054218737227,0.7253054218737227,0.3249279072701892,0.776735268316364,0.9863705918892747,10.4808070159642,8.627576460903535,19.0,0.19,0.571654909029489,0.0,1.33,1.3875043255067527,1.3875043255067527,5.1111867612801465,3.2537327731581898,0.6578023475668663,0.6578023475668663,0.17593718954403073,0.6860241462311875,0.9264609440535133,9.595403523386217,7.457783100060784,32.0,0.32,1.3573375640002345,0.28,2.24,4.524043551108004,4.493404365931504,9.961481529691731,6.3280376107512595,0.7913181452269732,0.7913181452269732,0.49441064817045755,0.8460909225336459,1.0,11.432619798142621,9.90064861878285
Infrequent charging,21,10.5,22:30,100,26.49,0.2649,0.9106964317696297,0.15344708408648247,1.8543,2.6027595144274773,2.596064589391592,7.706495927541483,5.110431338149891,0.7422371481592678,0.7422371481592678,0.350779557352331,0.7908541676524861,0.989803404423602,10.010399588499826,8.335620114627524,20.0,0.2,0.5600000000000002,0.0,1.4,1.3552739705208399,1.3552739705208399,5.202443941981207,3.6250470541408633,0.6787596523194938,0.678759652319494,0.18495157687934108,0.7142557161378125,0.9462537664321857,9.20400230816408,7.294010982971349,33.0,0.33,1.3537837584662835,0.3364248432581041,2.31,4.137747109400693,4.101801485571761,10.107477613051794,6.767910175946396,0.8019041224197995,0.8019041224197997,0.5301243605054979,0.8535462082273109,1.0,10.989445237788331,9.4586985052806
Infrequent charging,22,11.0,23:00,100,27.19,0.27190000000000003,0.8566505118701099,0.20103468077007572,1.9033000000000002,2.3674548373729425,2.35697168182399,7.82427519969932,5.467303517875331,0.7589216806121262,0.7589216806121263,0.378977188922992,0.8034100299089049,0.99270610936159,9.544828298012032,8.046278977901038,21.0,0.21,0.5435218582259339,0.03766435291182193,1.47,1.240237612848203,1.240237612848203,5.290633321552104,3.918157052549211,0.7009458179653484,0.7009458179653485,0.21692028503825508,0.7516335835161079,0.9525495120900713,8.745924877940867,7.002487661888651,34.0,0.34,1.2666820674572568,0.3644140196983644,2.38,3.599400894058578,3.549353695224537,10.193147071349664,7.126961017412965,0.8119912087182348,0.8119912087182348,0.5545195487977163,0.8627888230489464,1.0,10.47182535602934,9.084042084485466
Infrequent charging,23,11.5,23:30,100,27.515,0.27515,0.7752713942456755,0.2582711659529512,1.9260499999999998,2.062146001759241,2.050905887790265,7.811495758543524,5.760589870753259,0.7770636470662287,0.7770636470662288,0.41752775158613986,0.8136058463459085,0.9945372424618144,9.063448845832754,7.758562076643423,21.0,0.21,0.47990446745806997,0.06999999999999998,1.47,0.960008266491353,0.960008266491353,5.3857332588529925,4.014365130666686,0.7174091483217865,0.7174091483217865,0.2478365968163931,0.775,0.966822511647077,8.29514264140778,6.777030218996274,34.0,0.34,1.176894000487187,0.48669596466116394,2.38,3.249706745601929,3.249706745601929,10.24475560519023,7.534550153953443,0.8296741732832228,0.8296741732832228,0.6022889783423345,0.8943182293457757,1.0,10.010538214741452,8.83139071129074
Infrequent charging,24,12.0,00:00,100,27.73,0.2773,0.6946964059405824,0.3242844236675903,1.9411,1.764498517495734,1.7515689566979973,7.735365614901079,5.983796658203082,0.7943512300751925,0.7943512300751927,0.46033460057170894,0.8243880385927885,0.9958944962193431,8.571437895370174,7.449344305406363,21.0,0.21,0.40880193807500875,0.12735649381450148,1.47,0.7781622092182187,0.7781622092182187,5.2746547659707685,4.178605787652652,0.7380519641256998,0.7380519641256998,0.29561425328211954,0.8,0.9789198002934048,7.813883957250507,6.482646233595112,35.0,0.35,1.0285618554997216,0.56,2.45,2.837000182064291,2.8117351032548266,10.034755605190231,7.861955050629596,0.8441266776517142,0.8441266776517142,0.6402334210364095,0.9,1.0,9.510538214741452,8.508810066129453
Infrequent charging,25,12.5,00:30,100,27.865,0.27865,0.6104335926149744,0.3966138756633373,1.95055,1.4867595874550779,1.472113903796112,7.601186782755672,6.129072878959558,0.8098334971199048,0.8098334971199048,0.5039199121530414,0.8348745206805046,0.9967747029163678,8.093342021794244,7.136030127242078,21.0,0.21,0.3401547796364599,0.14,1.47,0.6054089952513868,0.6054089952513868,5.263006461402375,4.275406197482024,0.755347302038081,0.755347302038081,0.3367584826986679,0.8,0.9843984020881524,7.313883957250505,6.188638987211816,35.0,0.35,0.9362156599526732,0.6821324226716432,2.45,2.4335170286224903,2.407611878150518,9.780971107942298,7.949292283121416,0.8555448037198823,0.8555448037198822,0.6662280554049583,0.9,1.0,9.014487689312066,8.18622942096816
Infrequent charging,26,13.0,01:00,100,27.955,0.27955,0.5366899700184748,0.47024909455860003,1.95685,1.2333907639995851,1.2164539245518626,7.416808915107861,6.200354990555997,0.8235975662743473,0.8235975662743474,0.5449263796763484,0.845083898216205,0.9977334548686351,7.6039759418839115,6.798371479223479,21.0,0.21,0.27374206748610136,0.20778104037787842,1.47,0.45436271648442106,0.45436271648442106,5.161254003332846,4.372023055614409,0.7728111529947925,0.7728111529947924,0.3714263746211195,0.8,0.9918530057318846,6.816072012436386,5.88408295016255,35.0,0.35,0.8386721005549334,0.8141561522202413,2.45,2.0842978844683575,2.0595974155573034,9.499121096071477,7.9773192147768635,0.864050427518046,0.864050427518046,0.7,0.9,1.0,8.514850240463955,7.8226419457213785
Infrequent charging,27,13.5,01:30,100,28.015,0.28015,0.4587755570767015,0.5585855411008152,1.96105,1.0020997949759158,0.9826357292878434,7.174133592648372,6.191497863360528,0.8360654023759858,0.8360654023759859,0.5858386987628568,0.8556521244894949,0.9984656222871561,7.112326267957141,6.446723280632088,21.0,0.21,0.22628851642307157,0.27268563882966584,1.47,0.314828193960242,0.314828193960242,4.926929424732563,4.433470848815525,0.788646414342878,0.788646414342878,0.4193279751058465,0.8,0.9980330892170324,6.3160720124363845,5.552320293568214,35.0,0.35,0.7422303278523412,0.9066439202629317,2.45,1.7739855755041092,1.7376978751615306,9.14701357268706,7.941191548324569,0.8739716394704427,0.8739716394704428,0.7060815606218639,0.9,1.0,8.014850240463955,7.4239086412222175
Infrequent charging,28,14.0,02:00,100,28.045,0.28045000000000003,0.39227881088955535,0.6447256677806703,1.96315,0.8030420583480634,0.7826637102499292,6.886188559272664,6.103524849022736,0.8467285783666072,0.8467285783666072,0.6203241797802173,0.8648855136153846,0.998975065459683,6.617828384260811,6.0747638496049685,21.0,0.21,0.1722166167524402,0.3253542570681665,1.47,0.21129127648404,0.21129127648404,4.691378711883385,4.376990920466479,0.8033598808505489,0.8033598808505488,0.45895219226368755,0.8,1.0,5.8209193490084825,5.2079337703397535,35.0,0.35,0.6508219478401448,0.98,2.45,1.491881872888008,1.4632122427593979,8.799168698883916,7.823804938267994,0.8836546156168644,0.8836546156168645,0.745,0.9,1.0,7.5148502404639554,7.0148177321313065
Infrequent charging,29,14.5,02:30,100,28.1,0.281,0.3319441013436778,0.7339875557371807,1.9669999999999999,0.6416027009813703,0.6192033168250884,6.558831693785667,5.939628376960578,0.8555853632336651,0.8555853632336653,0.6521361078404421,0.872131878837963,0.9992840519867436,6.126923768615801,5.686142692706873,21.0,0.21,0.12662417103723406,0.4014408567653096,1.47,0.14191157565005494,0.14191157565005494,4.4845603996414845,4.201558876644086,0.8150848004052735,0.8150848004052738,0.5043087365465622,0.8,1.0,5.3209193490084825,4.837563399969382,35.0,0.35,0.5465553011684798,1.0727759923519948,2.45,1.267798404433742,1.2039649073459753,8.357903828028716,7.627439127456146,0.8912783132939361,0.8912783132939364,0.7604728826798777,0.9,1.0,7.023948497566235,6.5997296224328945
Infrequent charging,30,15.0,03:00,100,28.07,0.2807,0.2748551616596304,0.8209374308008599,1.9649,0.49336468399847133,0.47135989394635686,6.1725044310907835,5.701144537144427,0.86335431268175,0.86335431268175,0.6788046743987198,0.8769576441188484,0.9995036862090365,5.639447029383732,5.292337272456162,21.0,0.21,0.1014913646359529,0.45747225967166905,1.47,0.09116461272534071,0.09116461272534071,4.211527346064795,4.0022613254576775,0.8271418200360865,0.8271418200360866,0.5568087365465623,0.8,1.0,4.8273513759840165,4.467193029599012,35.0,0.35,0.4733893714481228,1.2303814594651532,2.45,1.0455998066604248,1.0015668944462766,7.893099634344464,7.199003266780178,0.8946409965036809,0.8946409965036808,0.7983957101004734,0.9,1.0,6.523948497566235,6.215012636929789
Infrequent charging,31,15.5,03:30,100,27.99,0.27990000000000004,0.2202393069435583,0.9022388658797983,1.9593,0.36969573634698527,0.34769094629487074,5.741821772734567,5.394130826439696,0.8700087282242991,0.8700087282242993,0.6995731098167373,0.8815228877316827,0.9995998601081958,5.154191474675128,4.886285988586952,21.0,0.21,0.07045553811863567,0.540744269813337,1.47,0.02618319497750843,0.02618319497750843,3.9244323471681475,3.740049283939643,0.8377887491693392,0.8377887491693393,0.5989819189140462,0.8,1.0,4.33634263940937,4.078302182310048,35.0,0.35,0.39743073628190895,1.264132875261012,2.45,0.8424282858564212,0.7900065265695457,7.37036545902566,6.9673701644809105,0.9002697802690592,0.9002697802690593,0.8,0.9,1.0,6.1254732111244055,5.848611791564573
Infrequent charging,32,16.0,04:00,100,27.815,0.27815,0.17389191613814942,0.9690008354037984,1.94705,0.26657850494158886,0.24959679804552926,5.27264100100578,5.02304420296025,0.8752260813985501,0.8752260813985501,0.715503480391377,0.8860501373097044,0.9996278924402088,4.685016070434849,4.484581430424686,21.0,0.21,0.02327182126189372,0.6008465167507457,1.47,0.006683917384725735,0.006683917384725735,3.6183909043583053,3.5002641391560188,0.845059617385792,0.8450596173857923,0.635678341212,0.8208699280681081,1.0,3.880184135954742,3.6686805085635847,35.0,0.35,0.3512839481798185,1.316773241194584,2.45,0.6674349628243965,0.611617480707684,6.788985305612596,6.582094875772947,0.9055985756315098,0.90559857563151,0.8,0.9,1.0,5.64924418600126,5.418131943770514
Infrequent charging,33,16.5,04:30,100,27.545,0.27545000000000003,0.12869794829634404,1.0199266703184333,1.92815,0.19188646814568597,0.17589362769164624,4.776091731194339,4.600198103502692,0.8790263908813581,0.8790263908813583,0.727231590128069,0.889119161046327,0.9996716643465017,4.232917491290689,4.083084744628432,21.0,0.21,0.0,0.6302111842361335,1.47,0.0,0.0,3.2545088300367606,3.232903624954645,0.8493632236471406,0.8493632236471407,0.648974785495182,0.825,1.0,3.4252527205129497,3.269113802125437,35.0,0.35,0.2886916559956084,1.3767247288319924,2.45,0.512183144504187,0.46013035653643486,6.1749554217629425,6.030994457496792,0.9070476390740957,0.9070476390740957,0.8,0.9,1.0,5.155800594021935,4.997951532169958
Infrequent charging,34,17.0,05:00,100,27.045,0.27045,0.09212756501142975,1.0482118162407217,1.8931499999999999,0.13343290318926518,0.12144759190695552,4.256907764256854,4.135460172349898,0.8820267217719854,0.8820267217719855,0.737042115556617,0.8897263545262691,0.9997825158992305,3.804869087769847,3.6939909881614947,20.0,0.2,0.0,0.635670133088852,1.4,0.0,0.0,2.820156116113219,2.8098885787360355,0.8519700571368196,0.85197005713682,0.6780645258050739,0.825,1.0,2.949270325451483,2.8098947263174257,34.0,0.34,0.23775945318158961,1.4600455692171477,2.38,0.38471416662209224,0.3470455638895766,5.627181769251372,5.5386741191766635,0.9095238095238095,0.9095238095238096,0.8,0.9,1.0,4.694236982367828,4.64730820007115
Infrequent charging,35,17.5,05:30,100,26.315,0.26315,0.06766075002648267,1.0569372695089134,1.8420499999999997,0.09294421995270812,0.08277280901270996,3.7322460759814944,3.649473266968784,0.8841416860481764,0.8841416860481766,0.7417681458115928,0.8915112782334316,0.999821869997633,3.409486717941584,3.3271540841255285,20.0,0.2,0.0,0.6514945347386031,1.4,0.0,0.0,2.457524866245555,2.3866790604220744,0.853978363975514,0.853978363975514,0.695,0.8403659556661344,1.0,2.558960996569729,2.4496766536155845,33.0,0.33,0.18037581254555735,1.4125157673905995,2.31,0.30755331855544554,0.27153916712674003,5.0680562628696775,4.988188956616435,0.9115384615384615,0.9115384615384616,0.8,0.9,1.0,4.344154065401156,4.249909363023015
Infrequent charging,36,18.0,06:00,100,24.935,0.24935,0.047004473958892186,1.0300602852196,1.74545,0.0636675431711291,0.05471403597423827,3.2053121003406075,3.150598064366369,0.8855614777774872,0.8855614777774874,0.7463396860870547,0.893321563125876,0.9998973005258297,3.0791836482610693,3.0180790440896392,19.0,0.19,0.0,0.6406794780513875,1.33,0.0,0.0,2.0213283249629965,2.0213283249629965,0.8551228389065436,0.8551228389065438,0.7,0.85,1.0,2.1892819402557997,2.118446475100733,31.0,0.31,0.13674141791399844,1.3604377093337356,2.17,0.23539056755699833,0.20222063020726908,4.478883055339418,4.442625190710622,0.9125,0.9125,0.8,0.9,1.0,4.0125758848586965,3.891677982062267
Infrequent charging,37,18.5,06:30,100,22.995,0.22995000000000002,0.03187090784029249,0.9677094846134447,1.60965,0.04968689163391678,0.043007459215535136,2.713507258199732,2.670499798984197,0.8862168127421001,0.8862168127421002,0.7497144566370172,0.8949048014219914,0.9999250000000001,2.831001132873464,2.7808366353035803,16.0,0.16,0.0,0.6213989059965884,1.12,0.0,0.0,1.5550394566534818,1.5550394566534818,0.8588235294117647,0.8588235294117648,0.7,0.85,1.0,1.911047964608974,1.8951693630256998,29.0,0.29,0.09068811712095748,1.3121887398183885,2.03,0.21963432115274184,0.18515193642106276,3.906876000068788,3.906876000068788,0.9108695652173913,0.9108695652173914,0.8,0.9,1.0,3.7799726784271748,3.757171474031756
Infrequent charging,38,19.0,07:00,100,20.085,0.20085,0.02226820558366378,0.8561387963744684,1.40595,0.03485682401385421,0.02971485998196092,2.2525843498765696,2.2228694898946086,0.886754945664436,0.886754945664436,0.7540791025559982,0.8945607775954307,0.999553423704687,2.7011992873884463,2.6610821754843186,14.0,0.14,0.0,0.5640002310828958,0.98,0.0,0.0,1.1918017422650053,1.1918017422650053,0.8557490668740569,0.855749066874057,0.6849999999999999,0.85,1.0,1.7246371225549881,1.6912271771458707,26.0,0.26,0.06999999999999998,1.1765173175182162,1.82,0.15735103649066592,0.13418714350269015,3.4022453895711777,3.389832485795634,0.9159483283164495,0.9159483283164495,0.8,0.9485588066824058,1.0,3.765881714960887,3.737690508279786
Infrequent charging,39,19.5,07:30,100,16.665,0.16665,0.01551615142005473,0.7069076536457871,1.16655,0.025105473347678816,0.021713109394505638,1.8630633043923592,1.8413501949978537,0.8878409620638447,0.8878409620638448,0.757046384808362,0.8948541852569808,0.9986319912333892,2.71396324109892,2.6805262568599146,11.0,0.11,0.0,0.44127199750384244,0.77,0.0,0.0,0.8710265003155532,0.8710265003155532,0.85,0.8500000000000002,0.6749999999999999,0.825,1.0,1.7000388264890478,1.5596183933600969,22.0,0.22,0.06999999999999998,1.0044974301983085,1.54,0.12477550908925705,0.10212822349896043,2.844096404551326,2.831624085378159,0.9197498883451583,0.9197498883451583,0.8,0.95,1.0,3.8478176609331265,3.8478176609331265
Infrequent charging,40,20.0,08:00,100,13.62,0.13620000000000002,0.012221010582401324,0.5667008120351743,0.9534,0.022746057610358368,0.0211220249370083,1.5525517677583758,1.5314297428213675,0.8877083141294271,0.8877083141294273,0.7556499038402608,0.8941294617625182,0.997574119609967,2.8183132179500494,2.7828869580681443,8.0,0.08,0.0,0.30374122908105294,0.56,0.0,0.0,0.655999646937228,0.655999646937228,0.8457300299387916,0.8457300299387918,0.6599999999999999,0.8,0.9774999999999999,1.6343930552851342,1.6243401038667247,19.0,0.19,0.06884723782376159,0.8134170158740263,1.33,0.1359695710094715,0.1359695710094715,2.4843070134176846,2.429193324478301,0.925,0.9250000000000002,0.8,0.95,1.0,4.104211071922981,4.104211071922981
Infrequent charging,41,20.5,08:30,100,10.895,0.10894999999999999,0.010482060969472856,0.4461217086245576,0.76265,0.02773074401630642,0.02674066307574468,1.3102841339862774,1.283543470910533,0.8857372163048436,0.8857372163048437,0.7540760120972589,0.8924756797859359,0.9936423908995643,2.9950271154352457,2.948510707079781,6.0,0.06,0.0,0.21900561114641817,0.42,0.0,0.0,0.48998046659014327,0.48998046659014327,0.8375,0.8375,0.645,0.8,0.9549999999999998,1.557256491515152,1.557256491515152,16.0,0.16,0.06999999999999998,0.6719725458334431,1.12,0.17953707859502407,0.17693251559769543,2.156992306852379,2.156992306852379,0.9321428571428572,0.9321428571428572,0.8300000000000001,1.0,1.0,4.529422655708268,4.325326934579838
Infrequent charging,42,21.0,09:00,100,8.695,0.08695,0.009118611444004266,0.35096646200962966,0.60865,0.02494586546396741,0.024494721445779515,1.1179205112874304,1.0934257898416508,0.8832418164786209,0.8832418164786209,0.7538609753905796,0.8916920794634952,0.9878866810788745,3.2884289583084954,3.2363470627201174,5.0,0.05,0.0,0.14029208207777694,0.35,0.0,0.0,0.3758182558811459,0.3758182558811459,0.8233194382107464,0.8233194382107463,0.625,0.8,0.9,1.635383314125308,1.635383314125308,14.0,0.14,0.06999999999999998,0.581269622491689,0.98,0.15876887309130303,0.15876887309130303,1.912557468947139,1.879515988864384,0.95,0.95,0.8500000000000001,1.0,1.0,5.160433617152806,5.1025175451211195
Infrequent charging,43,21.5,09:30,100,7.475,0.07475000000000001,0.00943671877302596,0.29819668027305246,0.52325,0.030791520057459977,0.03042220278365515,0.9667396766985504,0.9363174739148953,0.8811748097711365,0.8811748097711365,0.7540190898762944,0.8893884689915547,0.9823923246793936,3.4286429052685374,3.358049136157827,3.0,0.03,0.0,0.10957459428141264,0.21,0.0,0.0,0.2959650767128361,0.2959650767128361,0.8,0.8000000000000002,0.5795723073288701,0.8,0.9,1.4574568708962017,1.4574568708962017,12.0,0.12,0.06999999999999998,0.517313893209824,0.84,0.2842967175893747,0.2842967175893747,1.6812799293127034,1.6774637061741842,0.95,0.95,0.8985144437234455,1.0,1.0,5.586118291600463,5.232849592773184
Infrequent charging,44,22.0,10:00,100,6.39,0.0639,0.011915565664841716,0.25269986678376843,0.4473,0.04806617351555145,0.04769685624174662,0.8520474776872333,0.8043506214454869,0.8764215183169686,0.8764215183169686,0.7465861345743487,0.8855392830342194,0.9773678703485807,3.6089052476270274,3.478921960359742,3.0,0.03,0.0,0.06999999999999998,0.21,0.0,0.0,0.22157631937074287,0.21406829616070566,0.7958174748931047,0.7958174748931046,0.5038507786841813,0.8,0.89,1.319882380514604,1.319882380514604,10.0,0.1,0.06999999999999998,0.45324750333285757,0.7,0.3861851171655116,0.3861851171655116,1.5706175589475282,1.5191268081662435,0.95,0.95,0.9,1.0,1.0,6.169412510807207,5.574502290104596
Infrequent charging,45,22.5,10:30,100,5.55,0.0555,0.013565319919806638,0.21543714792340854,0.3885,0.05615933702318952,0.05615933702318952,0.7496420434442661,0.6934827064210765,0.8707415834483281,0.8707415834483281,0.7421511865517233,0.8843159574084325,0.9722551674293832,3.7484998073497584,3.56714502333193,2.0,0.02,0.0,0.06253594928726819,0.14,0.0,0.0,0.1627121007277503,0.14440834152745002,0.78,0.78,0.43868844348399993,0.8,0.8875000000000001,1.1481114594969748,1.1481114594969748,9.0,0.09,0.07,0.40769191647328895,0.63,0.38038021077697015,0.38038021077697015,1.4591799328039883,1.3547459891401994,0.95,0.95,0.9000000000000001,1.0,1.0,6.897552642603937,5.938638182387974
Infrequent charging,46,23.0,11:00,100,4.75,0.0475,0.018111280252320935,0.17912043070345576,0.3325,0.08017699893998495,0.08017699893998495,0.6835831989736352,0.6034062000336502,0.8611798609611564,0.8611798609611564,0.7250598354528536,0.8792305348376817,0.9639887011020755,4.224284660108192,3.925973456202803,2.0,0.02,0.0,0.025375555818979212,0.14,0.0,0.0,0.1202876231310918,0.09087799258985514,0.7327929510017313,0.7327929510017311,0.3330779757972236,0.8,0.8475,1.1515703272900193,1.1515703272900193,8.0,0.08,0.06999999999999998,0.3263281827344913,0.56,0.5057683535023137,0.5057683535023137,1.4914181745694304,1.2150627844926252,0.95,0.9500000000000001,0.905,1.0,1.0,8.475042982144538,7.454650594844764
Infrequent charging,47,23.5,11:30,100,4.255,0.04255,0.025219668862813197,0.15406780083380092,0.29785,0.10260052795644943,0.10260052795644943,0.633777402954078,0.5311768749976287,0.8506532611063076,0.8506532611063076,0.7117059772488586,0.8720746496784517,0.9556281902018997,4.8863471059853225,4.472909379006727,1.0,0.01,0.0,0.008128599713371099,0.07,0.0,0.0,0.07875311373283751,0.07200100673397794,0.6954925794870762,0.6954925794870762,0.30702956230354084,0.8,0.8,1.2952650352284145,1.2952650352284145,7.0,0.07,0.09046803036802235,0.31428633681507107,0.49,0.5483580683764125,0.5483580683764125,1.3864181745694304,1.1152800861676915,0.95,0.95,0.905,1.0,1.0,10.622240008800754,9.46546586080131
Infrequent driving,0,0.0,12:00,100,15.31,0.1531,0.0979694355558777,0.17090266350020367,1.0717,0.08356837489034197,0.06423820645914652,0.5707822075549506,0.506544001095804,0.8561084359975599,0.8561084359975599,0.7337769479361508,0.8520725728630609,0.9832562689839713,3.849839645065228,3.7391210110006137,9.0,0.09,0.0036560430031481834,0.03452769700679899,0.63,0.0,0.0,0.2596361413283527,0.22750991104925003,0.8168164798518,0.8168164798518001,0.6767928941309065,0.8,0.9165992784062693,2.0578941309263556,1.9749502788941193,22.0,0.22,0.21032873304180008,0.31266348927255216,1.54,0.3203245885438673,0.2116592577323145,0.9479857104166723,0.8726400505726356,0.8969037832911548,0.8969037832911547,0.8,0.9,1.0,5.955222177431864,5.873068070518603
Infrequent driving,1,0.5,12:30,100,14.55,0.14550000000000002,0.10914126075538289,0.1622578697988249,1.0185000000000002,0.09664641018005912,0.07471086913725004,0.5491603806002086,0.4744495114629585,0.8545198608702559,0.8545198608702559,0.7292785943204462,0.8522031598947203,0.9788777520565202,4.25016033591277,4.11918402064255,9.0,0.09,0.009969604362091822,0.04926169058841179,0.63,0.0,0.0,0.24747980092671124,0.20421126923329225,0.8131159504982329,0.813115950498233,0.6410068052766157,0.8,0.9,2.106269042431792,2.011521622922575,21.0,0.21,0.24595706897022218,0.3084674083504348,1.47,0.353243738901632,0.2514589259444558,0.933426889509787,0.8024835812663216,0.8933333333333333,0.8933333333333333,0.8,0.9,1.0,6.916324378000186,6.67806678800571
Infrequent driving,2,1.0,13:00,100,14.05,0.1405,0.12264197735545394,0.14846120537718607,0.9834999999999999,0.11031352649900167,0.0863789325647219,0.5415403750713335,0.45516144250661156,0.8536637761645802,0.8536637761645803,0.7279282290041897,0.8495370994407588,0.9780397746020055,4.810277009989249,4.653685959624829,8.0,0.08,0.019459601326091185,0.033893132319517225,0.56,0.0,0.0,0.2662649484408156,0.21068037609727644,0.8107142857142857,0.8107142857142858,0.6482460629745962,0.8,0.9055483495554668,2.5410733537997117,2.3465205565887652,20.0,0.2,0.26485457171734667,0.2928021132270056,1.4,0.31491286481517006,0.2574778349623638,0.8919362553420156,0.7434379574699344,0.8947583321109469,0.894758332110947,0.8,0.9,1.0,7.888500083500867,7.825455650998874
Infrequent driving,3,1.5,13:30,100,14.0,0.14,0.14208333083695857,0.14489985041460207,0.98,0.11749980583610785,0.09792206159291611,0.545813112920357,0.4478910513274409,0.8535486491720752,0.8535486491720754,0.7273671708669472,0.850600638334414,0.9780154711427016,5.41827201213548,5.2512520147125334,8.0,0.08,0.02537553780987345,0.022447092470698017,0.56,0.0,0.0,0.23430851357547822,0.20405840756331922,0.8164478371711481,0.8164478371711482,0.6379905392635946,0.8,0.9099999999999998,2.631036117879147,2.535360671418918,20.0,0.2,0.28953704207499803,0.296052121506587,1.4,0.3140288377180262,0.24497822743974218,0.909644720276677,0.7361617842841334,0.896341078666293,0.8963410786662929,0.8,0.9,1.0,9.156643359768164,9.0538879200733
Infrequent driving,4,2.0,14:00,100,13.98,0.1398,0.15394615691903288,0.14252866616643334,0.9786,0.1269373222547412,0.10792068524825674,0.55865648013596,0.4507357948877033,0.853855017065988,0.853855017065988,0.7258121365065645,0.8513938631615312,0.9799230742366443,6.163842323129849,5.977733624268695,8.0,0.08,0.042097037929253414,0.024294648880352224,0.56,0.002216353854586517,0.002216353854586517,0.2614828517867911,0.20585886717021526,0.8149706388001634,0.8149706388001633,0.6462172318374682,0.8,0.9050000000000001,3.1746017379688,3.131052609225261,20.0,0.2,0.29950884331610295,0.28187951008841844,1.4,0.32517126243271094,0.28945613889074867,0.9335406665104335,0.7498485218574384,0.8963150695821654,0.8963150695821656,0.8,0.9,1.0,9.59337210443484,9.238101524934285
Infrequent driving,5,2.5,14:30,100,14.54,0.1454,0.17379385531098,0.14737197194314988,1.0178,0.14946262899091814,0.1267236751386046,0.5861655890402706,0.4594419139016661,0.8506213292740918,0.8506213292740918,0.7182273283104466,0.846063121533093,0.9807718295530289,7.030603527181053,6.8271216615735675,9.0,0.09,0.036113017232137626,0.036186569943362265,0.63,0.007718101412024003,0.004980639845024726,0.2780626961630984,0.23024557219786776,0.8147429518627155,0.8147429518627155,0.6084667242817241,0.8,0.9175,4.000748720934145,3.7974376449552283,22.0,0.22,0.34014701339588144,0.29219795737821236,1.54,0.3882217584496606,0.3604393740221269,0.9562032181898903,0.768322990414318,0.8888888888888888,0.8888888888888888,0.8,0.9,1.0,10.656627249384531,10.133029673248496
Infrequent driving,6,3.0,15:00,100,15.295,0.15295,0.20690323543975073,0.14632086740457975,1.0706499999999999,0.1848062202511273,0.16713515718909044,0.6460323643734938,0.4788972071844034,0.8480833485333702,0.8480833485333703,0.7151112239360251,0.8448098774772049,0.979201332375318,8.166912741204184,7.920697443266752,9.0,0.09,0.07170584690584307,0.035683134702776176,0.63,0.025426072732442906,0.021671387544131004,0.30433413392176406,0.23219929747927007,0.7985758587369012,0.7985758587369014,0.6163905420362562,0.8,0.9199762104509851,4.741841388436288,4.554114982297508,21.0,0.21,0.3634249602593102,0.29579224976287277,1.47,0.4094799608293529,0.3817160150927211,1.0631251716691597,0.7825558381883171,0.8896158645267327,0.8896158645267327,0.7937218688228438,0.9,1.0,11.684713252606405,11.382823223911679
Infrequent driving,7,3.5,15:30,100,16.685,0.16685,0.2563487204427997,0.14774242723020378,1.16795,0.23980143417163136,0.21678723502218378,0.7379000044480764,0.5211127694258926,0.8458186160112356,0.8458186160112356,0.7044860219467597,0.8437051365356113,0.9818494976404473,9.292559756010506,9.000784419699915,11.0,0.11,0.10385029606990435,0.017896769422864296,0.77,0.04162912793894062,0.02771801692777346,0.3541136398760883,0.27502045106227013,0.8022508836790871,0.8022508836790873,0.6130561255549797,0.8,0.9125000000000001,5.867131619156635,5.770044231305962,23.0,0.23,0.4266438400946395,0.27557148729594544,1.61,0.5041958670945142,0.45548635160514594,1.1562138541443583,0.8297629185430262,0.8860810473741187,0.8860810473741189,0.791495356225102,0.9,1.0,12.347891456720063,12.026892044774403
Infrequent driving,8,4.0,16:00,100,18.69,0.1869,0.32252436772056875,0.14410800577301733,1.3083,0.27626706841033793,0.25106586394252,0.8423047986446534,0.5912389347021334,0.8450540010183828,0.8450540010183829,0.709028249171738,0.8408155819307018,0.9841498365798798,10.452323584949266,10.151548117399336,13.0,0.13,0.1541280737055812,0.028411983395402775,0.91,0.07597036071183634,0.05670943461800186,0.47023345043605475,0.3135841819143706,0.8084900943926318,0.8084900943926318,0.6204811743163348,0.8,0.9213326743490433,7.493236598847294,7.278632237787809,26.0,0.26,0.5100049517459491,0.2866543582752352,1.82,0.591293619288632,0.4987748665699129,1.307952827969139,0.9379989412060067,0.8793717192882377,0.8793717192882377,0.7892707802155187,0.9,1.0,13.424293863337871,13.12955101861582
Infrequent driving,9,4.5,16:30,100,21.18,0.2118,0.36758996036084407,0.1335457786470095,1.4826,0.31596530507811826,0.29036747959649994,0.9869603726509628,0.6965928930544628,0.8465441408632729,0.8465441408632729,0.7076490163563425,0.8452112360629631,0.9886252992341479,11.490296700031422,11.186591122303925,15.0,0.15,0.1776158202269536,0.02566534398517846,1.05,0.07718864665249485,0.07313276154450135,0.5532546865055002,0.42481106803298035,0.813313385653382,0.8133133856533821,0.6130066022819486,0.8,0.9472763433341178,9.06144118538034,8.77228042846109,28.0,0.28,0.6084093300103587,0.2650469663247922,1.96,0.6793408498255666,0.6380829509894965,1.5226732602427242,1.0601671331919267,0.8784166567077827,0.8784166567077828,0.790920585218909,0.9,1.0,13.985783082744495,13.577656111199751
Infrequent driving,10,5.0,17:00,100,24.73,0.2473,0.445371324837636,0.12219007665717697,1.7311,0.39044742299126267,0.36624990128263746,1.1965789498738075,0.8303290485911701,0.8449512213982154,0.8449512213982154,0.6983018762611316,0.8438449093600852,0.9904650524568552,12.319531331433945,12.004218355651117,18.0,0.18,0.240060728438794,0.018562692055841414,1.26,0.135244538166266,0.11080519027315688,0.6516789854979009,0.5083053674305724,0.8162217372704148,0.816221737270415,0.613058006901781,0.8,0.9481616175133212,10.018757959294394,9.546942846787008,31.0,0.31,0.7265472496144773,0.28564907115635246,2.17,0.7890199212232915,0.7546000626563725,1.8237709458255345,1.2088091695175802,0.8703336728314826,0.8703336728314824,0.7641370789750938,0.9,1.0,14.284283888728732,14.052449947088935
Infrequent driving,11,5.5,17:30,100,29.235,0.29235,0.5321980306267683,0.10072703012917442,2.04645,0.45262972318813466,0.4333276649517285,1.456807791597421,1.0234801266456923,0.8445164649146407,0.8445164649146407,0.6954570877860003,0.8404845645305314,0.9925096847438105,12.887570641784535,12.57736909639681,22.0,0.22,0.31423843533059354,0.00789046472351686,1.54,0.1784472025390173,0.17012317622515916,0.8777495749117105,0.6112691766182402,0.8172005381034017,0.8172005381034015,0.6107841524970451,0.8,0.9573264016179448,10.975877450523178,10.695424912267415,36.0,0.36,0.8264699812915997,0.2310124750824246,2.52,0.8260001786729453,0.8260001786729453,2.14999075962446,1.4648875756656223,0.868753140435818,0.8687531404358179,0.7527877069081068,0.8943255388372124,1.0,14.351618832995308,14.07694736333611
Infrequent driving,12,6.0,18:00,100,34.07,0.3407,0.5800648185790553,0.08103921140099532,2.3849,0.5011713440365413,0.484750534794996,1.739906481278392,1.255155946483396,0.845254087767092,0.845254087767092,0.6950828875084778,0.8409746313438251,0.9949512909902009,13.079457200404565,12.786613593286114,27.0,0.27,0.34046513178771387,0.0,1.89,0.17598873605113421,0.17598873605113421,1.1581182175516191,0.8147863894445381,0.8204393778099242,0.8204393778099242,0.6323963086936386,0.8,0.9699999999999999,11.823112606746905,11.528202757254572,42.0,0.42,0.8265836117920726,0.18842605870669096,2.94,0.9270957978872336,0.9257440404353343,2.4719468911327938,1.7774821071707225,0.8674657924226521,0.8674657924226518,0.7520116910267232,0.8878698445485999,1.0,14.237095533939291,14.072006681794102
Infrequent driving,13,6.5,18:30,100,39.47,0.3947,0.6130020555558668,0.06780368857193317,2.7629,0.5380924903864656,0.5238596157420201,2.0436823961830495,1.5198227804410296,0.8466127071733593,0.8466127071733593,0.6984194743379206,0.8433376373645132,0.9966371625357481,13.051704237792753,12.782021308534247,32.0,0.32,0.3683835151504314,0.0,2.24,0.21196407845130988,0.20638247326395032,1.470744130863476,1.0559707999000336,0.8207008600896708,0.8207008600896707,0.6305129584056084,0.8,0.9753594827742684,12.039841870730351,11.726948618451253,47.0,0.47,0.8862924953178895,0.16154177168713107,3.29,0.9846213827692797,0.9846213827692797,2.829828182923782,2.066992493690937,0.8685415220320103,0.8685415220320103,0.75,0.88601132715555,1.0,13.98963959016298,13.76377588732725
Infrequent driving,14,7.0,19:00,100,44.025,0.44025,0.593558232597874,0.047673743985349175,3.08175,0.5157344301642878,0.5057386677109172,2.2987640989248583,1.793025431213941,0.849109299587049,0.849109299587049,0.7024975324858912,0.8467101569731287,0.9980898976475683,12.913818194996589,12.67873000584955,36.0,0.36,0.3491596554332198,0.0,2.52,0.2098551073829573,0.20073040944322887,1.6746502249417137,1.2946025052395478,0.8268190138380007,0.8268190138380007,0.6485352894145247,0.8,0.9918142088904678,12.09653129779003,11.894226387926102,53.0,0.53,0.8713831978942301,0.13772853979985153,3.71,0.9303655742640996,0.8853216798049841,3.040327897693244,2.386149788315761,0.8666432258064813,0.866643225806481,0.75,0.8945308507698301,1.0,13.801724206160129,13.572456389879504
Infrequent driving,15,7.5,19:30,100,49.195,0.49195,0.5796052420163617,0.03341540941441403,3.44365,0.5148174514618123,0.5050467799815278,2.5716420839441527,2.066595303962625,0.8512908340957188,0.8512908340957186,0.7055524108333315,0.8488050891300759,0.9992559642207172,12.621789182581375,12.408056432924104,42.0,0.42,0.3514807702801373,0.0,2.94,0.19548353713211508,0.17226628323902912,1.959089050231822,1.5556155639782512,0.8312383320392613,0.8312383320392611,0.6637668785767981,0.8,0.9979542678762392,11.962284205346055,11.71453692489909,57.0,0.57,0.8288793661955904,0.11167406380423195,3.99,0.9544503800090584,0.9406132645432301,3.4116107226914263,2.6980382624434993,0.8685843237674455,0.8685843237674454,0.75,0.895821000712199,1.0,13.395570641612716,13.184461267930851
Infrequent driving,16,8.0,20:00,100,53.645,0.53645,0.5392156739708962,0.01784358551553218,3.75515,0.4877094368099881,0.48319812672690604,2.82029748992687,2.3370993631999637,0.8540430233376965,0.8540430233376963,0.709170845687974,0.8506773056127892,0.9997247541616895,12.289740873882268,12.101017829884231,46.0,0.46,0.324640271100434,0.0,3.22,0.19364181944842762,0.18416588115747964,2.2035331860342264,1.8078189908722735,0.8352111217745208,0.8352111217745207,0.6835699618224749,0.8,1.0,11.687583107087425,11.504748679025566,61.0,0.61,0.7938371205187618,0.08154760472321879,4.27,0.8696862970805236,0.8696862970805236,3.579718883985781,2.9695827363640728,0.8694672223968788,0.8694672223968787,0.747847766564218,0.9,1.0,13.02219872157861,12.83151525218052
Infrequent driving,17,8.5,20:30,100,58.08,0.5808,0.5063358646714358,0.013823828427043923,4.0656,0.46538374630710266,0.4619706404164537,3.0496415453415637,2.58767090492511,0.8557165098165863,0.8557165098165862,0.7094842312953099,0.8548919430500383,0.9999513851951654,11.864902925737647,11.698661717959588,50.0,0.5,0.30508620492616617,0.0,3.5,0.1929155482791978,0.1929155482791978,2.343301225118896,2.0769915954396385,0.8386734183913834,0.8386734183913835,0.6860788939741713,0.809689532211741,1.0,11.30172125754509,11.161592281703557,66.0,0.66,0.7261227398163479,0.06984794027271723,4.62,0.8682491100256037,0.8682491100256037,3.8672154001330687,3.2605271508413356,0.8697219474359394,0.8697219474359391,0.75,0.9,1.0,12.473916523643133,12.263665646083263
Infrequent driving,18,9.0,21:00,100,61.75,0.6175,0.4632099104710005,0.010978595682515802,4.3225,0.42195222869157795,0.41737672548379634,3.2442571109147633,2.8268803854309668,0.8576205227757161,0.857620522775716,0.7113387405083642,0.8571004812637493,1.0,11.422417587895794,11.281244388757298,54.0,0.54,0.2721926712218222,0.0,3.78,0.13791050638806943,0.13791050638806943,2.5381242520764156,2.2701127001049897,0.8428644992257779,0.8428644992257777,0.6981769710222627,0.8337715041264626,1.0,10.883326786771306,10.736683749049597,70.0,0.7,0.6907372695330289,0.05704286081775371,4.9,0.8128229136184433,0.8128229136184433,4.0948703931734585,3.520413015387248,0.8709983454137369,0.8709983454137367,0.75,0.9,1.0,12.040134476799635,11.87694587038521
Infrequent driving,19,9.5,21:30,100,64.985,0.64985,0.4210333472680622,0.006914022499233103,4.54895,0.37820480889198144,0.3771379811296888,3.4197341646273025,3.0425961834976136,0.859209746027612,0.8592097460276118,0.7135128945541181,0.8576794986315687,1.0,10.972546311760668,10.851888763022293,58.0,0.58,0.22895748062131654,0.0,4.06,0.09202593912362918,0.09202593912362918,2.6765666427387282,2.465750662400216,0.8465012750008436,0.8465012750008439,0.7,0.8442140004410228,1.0,10.453928035692256,10.309266197220154,73.0,0.73,0.6204010677521401,0.04870003169633301,5.11,0.8257378409439495,0.8257378409439495,4.277133571894795,3.8028690798478335,0.8705330305710013,0.8705330305710011,0.75,0.9,1.0,11.615652164878218,11.478737666593357
Infrequent driving,20,10.0,22:00,100,67.57,0.6757,0.3510994490067283,0.003979258747175779,4.7299,0.3187016323581357,0.3187016323581357,3.5531305548929923,3.234428922534857,0.8610995159735976,0.8610995159735972,0.7158492640335065,0.8600847580377189,1.0,10.510926786422301,10.41172081608061,61.0,0.61,0.14093280089182514,0.0,4.27,0.0628989054404793,0.0628989054404793,2.794544623762395,2.612519822872868,0.8484064611486185,0.8484064611486184,0.7,0.85,1.0,9.959549768551316,9.8759332274808,75.0,0.75,0.5798073836516362,0.03175314648736786,5.25,0.6736522630741257,0.6736522630741257,4.372970914548896,4.0187227795042055,0.8718507255064641,0.8718507255064638,0.75,0.9,1.0,11.124732643111809,11.02441090038859
Infrequent driving,21,10.5,22:30,100,69.625,0.69625,0.3014961232153027,0.003928735666023171,4.87375,0.2755573729090283,0.2755573729090283,3.66908988201509,3.3935325091060617,0.8619991167292638,0.8619991167292634,0.7163075204145813,0.8607293796727709,1.0,10.042310600664962,9.96034678668353,62.0,0.62,0.11309421273753198,0.0,4.34,0.035113604229712506,0.035113604229712506,2.916569623408161,2.7376278588402645,0.8507165779655997,0.8507165779655995,0.7,0.85,1.0,9.528063839979042,9.440587208342697,77.0,0.77,0.5263108539183035,0.029802031228828074,5.39,0.589693366440756,0.589693366440756,4.5404344751586665,4.204625460537927,0.8718085935072707,0.8718085935072704,0.75,0.9,1.0,10.662007355205295,10.544115871748147
Infrequent driving,22,11.0,23:00,100,71.035,0.7103499999999999,0.24289037652026965,0.003462075081295797,4.97245,0.21703241682247612,0.21703241682247612,3.747049846901545,3.5300174300790688,0.8633165508475905,0.8633165508475902,0.719535646801852,0.8623625052049028,1.0,9.567499484257604,9.504437323369315,64.0,0.64,0.0642344770579267,0.0,4.48,0.01581328282538082,0.01581328282538082,2.995749854013543,2.8405164054700847,0.853023596399608,0.8530235963996078,0.7,0.85,1.0,9.051278998872872,8.986040282589864,78.0,0.78,0.442241202440442,0.026100296762635367,5.46,0.5215138727571188,0.5215138727571188,4.578799252070097,4.311278981801657,0.8727837812716343,0.872783781271634,0.75,0.9,1.0,10.17887949610486,10.063528058010123
Infrequent driving,23,11.5,23:30,100,71.875,0.71875,0.17336092051920338,0.005201830436350503,5.03125,0.15683003209512836,0.1567289975731206,3.7878388019950506,3.6311098044219303,0.8646193089415618,0.8646193089415616,0.7221791390294834,0.8638853454144811,1.0,9.082416216055165,9.03712564481943,64.0,0.64,0.04704212912364905,0.0,4.48,0.014158778488741287,0.014158778488741287,3.014568798546031,2.86845399061293,0.8553013305636779,0.8553013305636776,0.7,0.85,1.0,8.554996987751478,8.518569487304527,79.0,0.79,0.3202128761305025,0.059898039994210464,5.53,0.4184545796325313,0.4184545796325313,4.688304003117136,4.434873266748604,0.873373306445619,0.8733733064456187,0.75,0.9,1.0,9.69671184081593,9.670544219379286
Infrequent driving,24,12.0,00:00,100,72.41,0.7241,0.12322357248762121,0.006798420655513536,5.0687,0.1147533073566371,0.11465227283462934,3.8167915204676075,3.7021392476329784,0.8654763850769989,0.8654763850769985,0.7252506223465802,0.8655846047666539,1.0,8.595466798943267,8.562280081134347,65.0,0.65,0.012226061328721283,0.0,4.55,0.0,0.0,3.016986329903034,2.9584375244165897,0.8559464922606183,0.8559464922606181,0.7,0.85,1.0,8.069529307203075,8.035685657819194,79.0,0.79,0.25294538701875835,0.06999999999999998,5.53,0.33431838860438445,0.33431838860438445,4.687940087734567,4.538095530066625,0.8746376811594203,0.8746376811594201,0.75,0.9,1.0,9.19671184081593,9.145406157065981
Infrequent driving,25,12.5,00:30,100,72.755,0.7275499999999999,0.08492654930317842,0.010050270624461965,5.09285,0.0853071865815094,0.08520615205950165,3.833270647181144,3.7480644951216417,0.8661044466879967,0.8661044466879964,0.7270842173957167,0.8669117117983772,1.0,8.107830321898499,8.083125385184038,65.0,0.65,0.0,0.0,4.55,0.0,0.0,3.073701231056901,2.974632092520327,0.8574626865671642,0.8574626865671637,0.7,0.85,1.0,7.569529307203074,7.546093343096251,80.0,0.8,0.19565025536833974,0.06999999999999998,5.6,0.27577182506040593,0.27577182506040593,4.703947223450577,4.59007106782844,0.8748287693337946,0.8748287693337943,0.75,0.9,1.0,8.71477674678823,8.697469379541106
Infrequent driving,26,13.0,01:00,100,73.05,0.7304999999999999,0.06564803931269064,0.013546685760472426,5.1135,0.06570233202691517,0.06560129750490741,3.845807292096247,3.780205994591339,0.8665108826898944,0.866510882689894,0.7274914242063324,0.8673609077647444,1.0,7.624293203732576,7.60543917803294,66.0,0.66,0.0,0.0,4.62,0.0,0.0,3.073701231056901,3.045410474240874,0.8581051788406204,0.8581051788406201,0.7,0.85,1.0,7.069529307203073,7.063657370980297,80.0,0.8,0.16468425340842663,0.07000000000000002,5.6,0.26654518025253604,0.26654518025253604,4.701481951318367,4.616109738336599,0.875094028479032,0.8750940284790315,0.75,0.9,1.0,8.214776746788228,8.197469379541108
Infrequent driving,27,13.5,01:30,100,73.175,0.73175,0.04541910873262268,0.023054289662865265,5.12225,0.044222021593072786,0.044120987071065036,3.84317627933835,3.799055292267285,0.8669480861273594,0.8669480861273591,0.7289687274953479,0.8677885758586357,1.0,7.133172583880095,7.120310495160793,66.0,0.66,0.0,0.0,4.62,0.0,0.0,3.059311893438576,3.059311893438576,0.8583333333333333,0.8583333333333328,0.7,0.85,1.0,6.5799334505741065,6.5799334505741065,80.0,0.8,0.1344525654589515,0.10734745839018625,5.6,0.21199328873742773,0.21199328873742773,4.714961924101724,4.627491341383633,0.8753623188405797,0.8753623188405794,0.75,0.9,1.0,7.714776746788229,7.697469379541108
Infrequent driving,28,14.0,02:00,100,73.36,0.7336,0.0352415707626728,0.041012668542305446,5.1352,0.035934599025341935,0.03583356450333419,3.83893458072564,3.8031010162223056,0.8671565623348002,0.8671565623347999,0.7299774710745409,0.8684796854803426,1.0,6.65149056254341,6.641051121252342,66.0,0.66,0.0,0.0,4.62,0.0,0.0,3.059311893438576,3.059311893438576,0.8590801258370244,0.8590801258370241,0.7,0.85,1.0,6.085384683144923,6.0799334505741065,80.0,0.8,0.12812097193076802,0.1400000000000001,5.6,0.17869278955651705,0.17869278955651705,4.703213005597829,4.6237307859642165,0.874791293739041,0.8747912937390406,0.75,0.9,1.0,7.331358249675527,7.285366448831442
Infrequent driving,29,14.5,02:30,100,73.5,0.735,0.028162246878355418,0.06721459575183833,5.145,0.028039759514382315,0.027938724992374566,3.8196058869639042,3.7916671619715294,0.8673027542016151,0.8673027542016147,0.7303454417609619,0.8684231482015332,1.0,6.164094816856821,6.156018258346116,66.0,0.66,0.0,0.0,4.62,0.0,0.0,3.0975074285076065,3.053390658471466,0.8596153846153847,0.8596153846153842,0.7,0.85,1.0,5.579933450574105,5.569529307203073,80.0,0.8,0.11619843302334423,0.17803570386322393,5.6,0.16080988570994478,0.16080988570994478,4.668213005597829,4.6218886342645815,0.8753623188405797,0.8753623188405794,0.75,0.9,1.0,6.840321597742192,6.8107373287754145
Infrequent driving,30,15.0,03:00,100,73.48,0.7348,0.020173288470648074,0.10405656388697697,5.1436,0.019349404982081535,0.019248370460073785,3.7818469595107245,3.7625985890506506,0.867483464146165,0.8674834641461646,0.7305361821208985,0.868782382701594,1.0,5.675592911476322,5.669811222841621,66.0,0.66,0.0,0.0,4.62,0.0,0.0,3.027560172999726,3.027560172999726,0.8596153846153847,0.8596153846153842,0.7,0.85,1.0,5.099182641020949,5.099182641020949,80.0,0.8,0.08981762549873432,0.22144321866304573,5.6,0.10245732042344713,0.10245732042344713,4.610789101957801,4.597046709507464,0.8753063478179461,0.8753063478179458,0.75,0.9,1.0,6.344579372638479,6.340321597742192
Infrequent driving,31,15.5,03:30,100,73.3,0.733,0.01194186365055022,0.15686984588495612,5.131,0.011682686532078525,0.011581652010070777,3.7180183999480247,3.7064367479379543,0.8675961422106441,0.8675961422106436,0.7311047166288533,0.869158022965789,1.0,5.1889209935085026,5.185223005295593,66.0,0.66,0.0,0.03305402843895111,4.62,0.0,0.0,3.0170129244067665,3.0170129244067665,0.8593333333333333,0.8593333333333328,0.7,0.85,1.0,4.6034039544974155,4.6034039544974155,80.0,0.8,0.06999999999999998,0.30309877990594314,5.6,0.07582165497139845,0.07582165497139845,4.537529320218828,4.517633726954141,0.8753623188405797,0.8753623188405794,0.75,0.9,1.0,5.8566876316955625,5.844827107716718
Infrequent driving,32,16.0,04:00,100,72.84,0.7284,0.00714945113037792,0.22583227710151996,5.0988,0.007081864425422254,0.006980829903414505,3.623425915007851,3.6164450851044365,0.8676627160693695,0.8676627160693693,0.7317681421473731,0.8697543442067074,1.0,4.719663310990915,4.717277147526843,65.0,0.65,0.0,0.0664620903501792,4.55,0.0,0.0,2.9095826913727767,2.9091456637703113,0.8592105263157894,0.8592105263157892,0.7,0.85,1.0,4.145801214289304,4.145801214289304,80.0,0.8,0.06140262303531492,0.40054463352072,5.6,0.048889437464083585,0.048889437464083585,4.445025157085148,4.439142399166768,0.8753623188405797,0.8753623188405794,0.75,0.9,1.0,5.390288494178766,5.390288494178766
Infrequent driving,33,16.5,04:30,100,72.25,0.7225,0.004748891849613262,0.32561169898612385,5.0575,0.004717840706304825,0.004616806184297076,3.4886409643041416,3.484024158119845,0.8677176029008151,0.8677176029008149,0.7314717716824208,0.8696250000000001,1.0,4.260046853830033,4.258400743937384,64.0,0.64,0.0,0.1258064739078802,4.48,0.0,0.0,2.7614362749577275,2.7614362749577275,0.858955223880597,0.8589552238805966,0.7,0.85,1.0,3.661406193967684,3.661406193967684,79.0,0.79,0.04725244537833999,0.5596210140853656,5.53,0.026584528207026427,0.026584528207026427,4.318402495117932,4.318402495117932,0.875,0.8749999999999996,0.75,0.9,1.0,4.97332069271379,4.97332069271379
Infrequent driving,34,17.0,05:00,100,70.855,0.70855,0.003589305810481132,0.43340244640963677,4.95985,0.0030892951768037684,0.002920529443778384,3.2965070895419135,3.2935865600981358,0.8677638825273093,0.867763882527309,0.7311755574011458,0.8704311945690948,1.0,3.837301960249058,3.83612608567081,63.0,0.63,0.0,0.21339454546553782,4.41,0.0,0.0,2.5870846936310694,2.5870846936310694,0.858955223880597,0.8589552238805966,0.7,0.85,1.0,3.258093616859483,3.258093616859483,78.0,0.78,0.026933463501002862,0.7182810020479412,5.46,0.015001917739899895,0.015001917739899895,4.081599941235746,4.081599941235746,0.8761904761904762,0.8761904761904759,0.75,0.9,1.0,4.485855829729811,4.485855829729811
Infrequent driving,35,17.5,05:30,100,68.915,0.68915,0.0024271325415969798,0.5654071671702154,4.824050000000001,0.001657896520904759,0.0014891307878793743,3.0522769475416798,3.0507878167538003,0.8675874199293571,0.8675874199293568,0.7316499999999999,0.8701985653692774,1.0,3.4402904898509075,3.4395894327398597,61.0,0.61,0.0,0.3170259881666677,4.27,0.0,0.0,2.4453801792199967,2.4453801792199967,0.85859375,0.8585937499999998,0.7,0.85,1.0,2.888281969030822,2.888281969030822,76.0,0.76,0.021441322829398445,0.8494321215572096,5.32,0.0028169961375607384,0.0028169961375607384,3.804111911023309,3.804111911023309,0.876,0.8759999999999997,0.75,0.9,1.0,4.117811470767297,4.117811470767297
Infrequent driving,36,18.0,06:00,100,65.305,0.65305,0.0032658651663664954,0.6806871696922562,4.57135,0.0020820609543596965,0.0019037471432419015,2.735664503515913,2.7337607563726714,0.8674655566965445,0.8674655566965441,0.7319625,0.8693074906822538,1.0,3.1239071234813345,3.1230220807016,57.0,0.57,0.0,0.4146838076043307,3.99,0.0,0.0,2.160810760673526,2.1585118263711327,0.8565573770491803,0.8565573770491803,0.7,0.85,1.0,2.550856081021672,2.550856081021672,73.0,0.73,0.025990082628712496,0.9451969062247478,5.11,0.010573225471724717,0.010573225471724717,3.4618314558161036,3.4618314558161036,0.8762711864406779,0.8762711864406777,0.755,0.9,1.0,3.777030139583718,3.777030139583718
Infrequent driving,37,18.5,06:30,100,60.03,0.6003000000000001,0.004628950561156893,0.7452273502309145,4.2021,0.0038081154918756604,0.0033864651277630085,2.3833922487150083,2.380005783587245,0.8674260175293712,0.8674260175293709,0.7317125,0.8699315677604292,1.0,2.888685579623864,2.8873185801048247,52.0,0.52,0.0,0.4628140058318643,3.64,0.0,0.0,1.8214279408435579,1.8214279408435579,0.8551470588235294,0.855147058823529,0.7,0.85,1.0,2.292052030681842,2.292052030681842,68.0,0.68,0.034675918196883426,1.0668669455157134,4.76,0.019853865142404205,0.012930013982193216,3.0195206707957998,3.01345948864673,0.8777777777777778,0.8777777777777774,0.7575000000000001,0.9,1.0,3.540271461279271,3.540271461279271
Infrequent driving,38,19.0,07:00,100,53.4,0.534,0.010533004813484886,0.7661999083083295,3.738,0.0110671410279374,0.008317585305757541,2.006404227239997,1.9980866419342396,0.8670929057881223,0.8670929057881221,0.7315122361190342,0.8694811949097495,1.0,2.7366024454329603,2.73266985373572,45.0,0.45,0.0,0.5147308292388656,3.15,0.0,0.0,1.483873253202942,1.4614310752207011,0.8534883720930233,0.8534883720930233,0.7,0.85,1.0,2.1028150561571852,2.1028150561571852,61.0,0.61,0.06389024964357462,1.0819338838244343,4.27,0.08790696862870558,0.06313025469718901,2.558535282944311,2.555096467648073,0.879910720099666,0.8799107200996658,0.7725,0.9,1.0,3.4781727293445766,3.4386819833979225
Infrequent driving,39,19.5,07:30,100,45.105,0.45104999999999995,0.015526272661836496,0.6830538682047986,3.15735,0.012790343367251697,0.009779048920902233,1.64652147254038,1.6367424236194779,0.8666106929955104,0.8666106929955103,0.7346057307441051,0.867132882027847,1.0,2.7327606247635656,2.727408386901313,37.0,0.37,0.0,0.4196315179788621,2.59,0.0,0.0,1.1689013352251605,1.1149224509629991,0.8501670173159599,0.8501670173159598,0.7,0.8,1.0,2.0149129127974468,2.0149129127974468,53.0,0.53,0.0742793887243264,0.9402441697734638,3.71,0.08271040285040229,0.07257598229318736,2.1507256393234275,2.1449786581743013,0.8798245614035087,0.8798245614035085,0.7950000000000002,0.9,1.0,3.566285449232065,3.566285449232065
Infrequent driving,40,20.0,08:00,100,37.125,0.37125,0.027792509485533846,0.5505514939619216,2.59875,0.019121821220548424,0.01594923878526703,1.3558551071398144,1.3399058683545473,0.8669070783323026,0.8669070783323026,0.7400558945125547,0.869251131202016,0.999520199892806,2.85615867221896,2.8457131272641494,30.0,0.3,0.0,0.324197119013624,2.1,0.0,0.0,0.8842439345235661,0.8816589510068777,0.8495613616067874,0.8495613616067875,0.7,0.825,1.0,2.11519518756688,2.0720529150835456,45.0,0.45,0.09529491636591172,0.8051513334687382,3.15,0.09643181738303053,0.07812777546945536,1.810827706257619,1.8052659731627387,0.8842105263157894,0.8842105263157896,0.8,0.9,1.0,3.833867634462702,3.830834770234477
Infrequent driving,41,20.5,08:30,100,30.42,0.3042,0.039886784201869946,0.4074822216837329,2.1294,0.02795850604132166,0.023717655955721454,1.1386012025766339,1.1148835466209122,0.8656268866105502,0.8656268866105502,0.7384687002310565,0.862510278842986,0.9987441324829345,3.07785388990032,3.0592081352869567,23.0,0.23,0.0,0.1739150995231206,1.61,0.0,0.0,0.6935315914261104,0.6742985714832561,0.8479523248524782,0.8479523248524782,0.7,0.8,1.0,2.2934729260423277,2.2538350107841643,37.0,0.37,0.12174866007072613,0.6152549337159181,2.59,0.12814231900043227,0.11644714398287338,1.6189375219239486,1.537097225351687,0.8840241674884974,0.8840241674884975,0.8,0.9,1.0,4.147431064838863,4.145254777525792
Infrequent driving,42,21.0,09:00,100,25.77,0.2577,0.04626356335634905,0.30315953876083773,1.8038999999999998,0.03500925294766502,0.029153209050162485,0.9959849809534242,0.9668317719032617,0.8640839676463873,0.8640839676463874,0.7396035295027023,0.8589362329827219,0.9975672644078033,3.264428352142912,3.2372796946824476,20.0,0.2,0.0,0.12059703376777148,1.4,0.0,0.0,0.5786455296857623,0.555040205305811,0.8407407407407408,0.840740740740741,0.7,0.8,0.9924999999999999,2.342297398638514,2.3274490528364806,32.0,0.32,0.14162090244058145,0.49249875059734705,2.24,0.16564601155118538,0.14929127040738885,1.4326258081504264,1.4154843981979568,0.888137514167443,0.888137514167443,0.8,0.9,1.0,4.3976403190196,4.388380404879515
Infrequent driving,43,21.5,09:30,100,22.755,0.22755,0.047898026527918434,0.26032959019411883,1.5928499999999999,0.036347055709007356,0.030061290516003227,0.8790940009689133,0.8490327104529102,0.863199331578688,0.863199331578688,0.7412497867122473,0.8578955325428571,0.9946380437393647,3.3386422016652455,3.304939715165118,16.0,0.16,0.0,0.09571094247957998,1.12,0.0,0.0,0.4956100347730403,0.4889008882981385,0.83869899075357,0.8386989907535701,0.7,0.8,0.95,2.328466136939191,2.2998850492853404,29.0,0.29,0.14407351125288204,0.46517857082752534,2.03,0.18741521651954798,0.14656565109848504,1.355589149275814,1.2904187472768447,0.8913345798428424,0.8913345798428424,0.8,0.9,1.0,4.567133863395548,4.536864279705606
Infrequent driving,44,22.0,10:00,100,20.65,0.2065,0.055736713843864895,0.2269771161867413,1.4455,0.04334887725226877,0.0347353973519761,0.7900283107078178,0.7552929133558418,0.8619429884512669,0.8619429884512669,0.7418601332322585,0.8572528326526697,0.9929475108198951,3.3690140208233164,3.3250276208034286,14.0,0.14,0.0,0.0799625699065801,0.98,0.0,0.0,0.38967994090586744,0.37961973828593487,0.834375,0.834375,0.7,0.8,0.95,2.2613205678343253,2.2301928245335394,28.0,0.28,0.14883289519505297,0.4323630260192541,1.96,0.16816283586405972,0.1397947694088991,1.2641266868392507,1.2222675193900145,0.89,0.8900000000000001,0.8,0.9,1.0,4.679423677635457,4.626508440419038
Infrequent driving,45,22.5,10:30,100,18.82,0.1882,0.055952402093595775,0.20896330502962226,1.3174000000000001,0.04203792525896495,0.03474433310197068,0.7079454399763238,0.6732011068743531,0.8623713697034165,0.8623713697034165,0.7437792206702639,0.8571800753412779,0.9908183724144527,3.367278608064096,3.3186069824110533,13.0,0.13,0.0,0.05603460808998746,0.91,0.0,0.0,0.33999116936619644,0.33999116936619644,0.8325628332091014,0.8325628332091015,0.6993731891341739,0.8,0.9287670396931605,2.112993610906173,2.0858211342412596,26.0,0.26,0.14947216913724035,0.3445032195451679,1.82,0.16736124688666518,0.13527505493876105,1.1840464617195579,1.1077795888581294,0.8958333333333334,0.8958333333333334,0.8,0.9,1.0,4.875582923707285,4.746066721385298
Infrequent driving,46,23.0,11:00,100,17.255,0.17254999999999998,0.06363000891346997,0.19041142635393446,1.2078499999999999,0.044840969507578404,0.03902694263299602,0.6427509643880711,0.6037240217550751,0.8619902144654559,0.8619902144654559,0.7422280659973259,0.8585094917619689,0.9884723100013545,3.462682288198035,3.4059058164872202,11.0,0.11,0.0,0.056985898783534175,0.77,0.0,0.0,0.3033598165095177,0.2777579611689227,0.8256477366457095,0.8256477366457093,0.6980267148748793,0.8,0.925,2.171832063094259,2.1384518518003226,23.0,0.23,0.16621683175223367,0.35233721350515934,1.61,0.1742460014907834,0.16537087145493495,1.041592961664387,1.0027847558990794,0.8958333333333334,0.8958333333333335,0.8,0.9,1.0,4.942910355793422,4.845350202512657
Infrequent driving,47,23.5,11:30,100,15.96,0.15960000000000002,0.07856992973011245,0.1746984053265588,1.1172,0.06474924573992848,0.049906246022924566,0.5964930796096991,0.5465868335867745,0.8581878098986728,0.8581878098986728,0.736406478297145,0.8538067537549131,0.985338527787718,3.6068707224339365,3.525224761263686,9.0,0.09,0.0,0.04303729677971206,0.63,0.0,0.0,0.25398216534262297,0.23869166065658123,0.81875,0.81875,0.6787940026442489,0.8,0.9130655891724113,2.1152383297095043,2.0569398108569286,23.0,0.23,0.1901563932968897,0.3231427950791256,1.61,0.21958192224670867,0.16085872088867378,1.014659120519228,0.9190989971882375,0.8961538461538462,0.8961538461538462,0.8,0.9,1.0,5.358424134562188,5.204131030472408
Intelligent Octopus average,0,0.0,12:00,300,44.675,0.14891666666666667,0.17169013746548664,0.46894811701939304,1.0424166666666668,0.47514031256145794,0.37023547449578076,1.7876731138150461,1.4174376393192654,0.8526109999626318,0.8526109999626318,0.610513662765471,0.8745557085795705,1.0,4.344460464079024,3.773191464125629,35.0,0.11666666666666667,0.08788745703306321,0.3183845808158899,0.8166666666666667,0.159489596937145,0.10968276826656422,1.2922209606261008,1.0230256562390876,0.8171955486144588,0.8171955486144589,0.40249761761023434,0.8134450070579186,1.0,3.0853725005675714,2.5339599821904155,54.0,0.18,0.27012015551258467,0.6179551142751992,1.26,0.8678030161345313,0.7041214414984429,2.429209223449658,1.9205677121026785,0.8831131620453259,0.8831131620453258,0.7564945626202174,0.9,1.0,5.70273757780344,4.9032751838903295
Intelligent Octopus average,1,0.5,12:30,300,41.845,0.13948333333333335,0.20045552793079113,0.4227410505728209,0.9763833333333334,0.5817922211449661,0.46146538378140906,1.7493259762489899,1.2878605924675808,0.8417818208990094,0.8417818208990094,0.5608628569633436,0.8671876502048806,0.9997875,4.878460202798706,4.138201301491341,32.0,0.10666666666666667,0.10437622727616494,0.28351265949776416,0.7466666666666667,0.22614233524740057,0.13864196042241736,1.162950169692867,0.904855414961064,0.7934042688495035,0.7934042688495037,0.27581543471996167,0.8,1.0,3.4016035251064296,2.8102797919984317,53.0,0.17666666666666667,0.3059083838071313,0.5718604669630584,1.2366666666666666,1.0638888224760674,0.8898505262093986,2.504822234739334,1.801072203367071,0.8762944981131023,0.8762944981131024,0.7349564347895161,0.9,1.0,6.306071752018648,5.553154902191842
Intelligent Octopus average,2,1.0,13:00,300,40.1,0.13366666666666668,0.23676213777443764,0.3915068143812364,0.9356666666666666,0.6869061617428157,0.5506002477293498,1.7443057734978473,1.1937055257684974,0.8297840753389543,0.829784075338954,0.5123967611943412,0.8591358939604663,0.9996821262796064,5.46099900193295,4.554255682207067,30.0,0.1,0.13542308097023562,0.26389905262434626,0.7,0.21143439292801772,0.17556057870669892,1.1351327881261464,0.8273326759828676,0.7783301846335903,0.7783301846335903,0.25484806549233546,0.8,1.0,3.7775737697698197,2.941550518561425,50.0,0.16666666666666666,0.3321505556064096,0.5249445885950574,1.1666666666666667,1.285956231666485,0.9602690178174843,2.421143387921619,1.648634869502076,0.8728281720638568,0.8728281720638567,0.7102443791017068,0.9,1.0,7.085463984682786,6.061215266513806
Intelligent Octopus average,3,1.5,13:30,300,39.285,0.13095,0.2747070315856542,0.36999251847076453,0.9166500000000001,0.8151478747305511,0.6608485926343213,1.7929163158530215,1.1320677232187004,0.815914007413202,0.815914007413202,0.4668631290084461,0.8477376426870361,0.9997002459245536,6.226492914258033,5.132403534796348,30.0,0.1,0.16454533568970617,0.2502385341565289,0.7,0.34016735149380084,0.252178959231607,1.1604496574467107,0.7968622607779884,0.7640351517640467,0.7640351517640467,0.22872882521952775,0.8,1.0,4.304566359204515,3.3497398058316468,49.0,0.16333333333333333,0.38623829505760093,0.4931979642513243,1.1433333333333333,1.3972182646052862,1.112438901479722,2.401195087040144,1.6108279312207046,0.8730401127154214,0.8730401127154215,0.7,0.9,1.0,8.125715608554327,6.717807032553701
Intelligent Octopus average,4,2.0,14:00,300,39.57,0.1319,0.32013994648881794,0.3476587552022818,0.9233,0.9728427920246969,0.81428313906181,1.9140314378252004,1.0997482987633902,0.8024009150237938,0.8024009150237938,0.43163877453725163,0.8397308663530332,0.9991749391237766,7.1766694374685605,5.8842824529014095,30.0,0.1,0.20268676127616392,0.2159013578439097,0.7,0.5200914706637705,0.3940947614937575,1.1784732581901425,0.75455447682893,0.7504762425143633,0.7504762425143634,0.19881342024897855,0.8,1.0,5.439481303448161,4.143587776519322,49.0,0.16333333333333333,0.4512108000778979,0.469859223348674,1.1433333333333333,1.5387425428650214,1.3947237489148732,2.6559356864790264,1.582400080076684,0.8559929206843044,0.8559929206843044,0.626304295270332,0.9,1.0,9.06025312534558,7.52448888937387
Intelligent Octopus average,5,2.5,14:30,300,41.15,0.13716666666666666,0.3805064782955613,0.3339434618335091,0.9601666666666666,1.1802123192433067,1.0067360239013394,2.1116981154213805,1.1049620915200413,0.786438923911966,0.786438923911966,0.38624520602869566,0.8269298438770147,0.9982977069407514,8.139855177069292,6.649183392591474,31.0,0.10333333333333333,0.24745941116980547,0.2205275200322923,0.7233333333333334,0.6265129535530161,0.5504245067850321,1.3285191343197233,0.7452868998283432,0.7323153271009513,0.7323153271009512,0.17124022067405106,0.8,0.9973270007944914,6.198329258995819,4.962145838159037,52.0,0.17333333333333334,0.5318578910679264,0.45007878017985886,1.2133333333333334,1.7923780670708735,1.5693552520335279,2.859300104085075,1.5695840580581308,0.8377307464788247,0.8377307464788246,0.6,0.9,1.0,10.133019502636916,8.663791346579066
Intelligent Octopus average,6,3.0,15:00,300,44.02,0.14673333333333333,0.4690788971079445,0.3074892160376608,1.0271333333333335,1.5001394685662321,1.3270617748386762,2.4789911286585853,1.1519293538199091,0.7656362326148757,0.7656362326148757,0.3368168255149891,0.8165424107010236,0.9975606291063621,9.423085696062195,7.670472186081376,33.0,0.11,0.3283402495305771,0.19604196802289695,0.77,0.9397109925046991,0.7713558724886869,1.6443987800696256,0.7695961718850808,0.715189042855091,0.7151890428550911,0.15876758679356393,0.796038058834466,0.9889542362052439,7.578531689420438,6.025241193983023,54.0,0.18,0.6383608950132613,0.43023686393291,1.26,2.2254824384018197,1.9667795632685008,3.4423604723351535,1.563171348286233,0.8185052756827196,0.8185052756827194,0.5120811652338801,0.8764330381475819,1.0,11.387529136226368,9.54705115269514
Intelligent Octopus average,7,3.5,15:30,300,49.205,0.16401666666666667,0.592867398403297,0.2854391988224835,1.1481166666666667,1.9367312309999654,1.7556870006909058,3.0260229829043612,1.2703359822134555,0.7450710715111891,0.745071071511189,0.2945138160578069,0.8029921691339029,0.9955880661430401,10.622009424249335,8.595977921135635,39.0,0.13,0.4252875121673265,0.18511908138382457,0.91,1.3020679138511577,1.0834541477539865,2.0994052412001847,0.8436180522360252,0.6978450631203136,0.6978450631203135,0.1355449167421885,0.7623508327757706,0.9534963587438273,9.010291130937913,7.063143392784316,60.0,0.2,0.7849852267350486,0.39843152486511585,1.4,2.6892355547939673,2.416443650558189,3.989967054407195,1.684395190988822,0.7966704537506648,0.7966704537506649,0.4321059886863441,0.85,1.0,12.299371125636016,10.119888323132809
Intelligent Octopus average,8,4.0,16:00,300,56.865,0.18955,0.7617860436668444,0.2582331920185555,1.32685,2.522268097486186,2.3233974519921956,3.789230957906231,1.4658335059140353,0.7255167616675722,0.7255167616675721,0.26891413226108335,0.7924057470659018,0.9939578704042585,11.678125625287471,9.40988404707155,45.0,0.15,0.5914730798107584,0.1551804123233754,1.05,1.778594228032769,1.5881528769222195,2.855464846811958,1.0143357011227863,0.6800863809803089,0.6800863809803087,0.14336497014748306,0.7477046647261346,0.9566754914889251,10.248613595547718,8.216564309512423,69.0,0.23,0.9785864406312366,0.3854599058623397,1.61,3.4620996545140708,3.1129989873089903,5.030450654246522,1.9449809997003478,0.7690279457452079,0.7690279457452083,0.41434875870546717,0.8331966021078863,1.0,12.999238012007378,10.670559299879761
Intelligent Octopus average,9,4.5,16:30,300,66.705,0.22235,0.9662120048612022,0.21844619162883616,1.5564500000000001,3.2270468871735942,3.0414785685012276,4.821392082642334,1.7799135141411073,0.709706179007583,0.7097061790075828,0.24603562592779987,0.7789252116188098,0.9914368763325786,12.59665166343152,10.129309494213267,55.0,0.18333333333333332,0.7600476333284099,0.13237305165779292,1.2833333333333334,2.3933909853716773,2.2048218111280824,3.6635991131772516,1.3159739006170454,0.6666329913720224,0.6666329913720223,0.11568407890776285,0.7288059808678292,0.9499883969305438,11.2376990398276,8.97244626491527,80.0,0.26666666666666666,1.1985280359916448,0.32601372131651774,1.8666666666666667,4.1648547085078125,3.9929803003946414,6.117732785781715,2.303013085818983,0.7487851085046829,0.7487851085046826,0.3864456498153196,0.8,1.0,13.785807298427711,11.25039258195526
Intelligent Octopus average,10,5.0,17:00,300,80.38,0.26793333333333336,1.2248135754663332,0.18103009265825953,1.8755333333333335,4.108052398266765,3.952489329861768,6.172550912425744,2.220061582563976,0.6994288110364445,0.6994288110364444,0.22683046293486267,0.7662550475861793,0.9901400090966793,13.194149274082484,10.591278836707044,67.0,0.22333333333333333,1.010702796079243,0.08334800490519631,1.5633333333333332,3.1275300025203836,3.0622723421898845,5.045773692597619,1.6987420389763253,0.6581521007563119,0.6581521007563118,0.13283102486664558,0.7124372053979839,0.9511532163416813,12.16777353999316,9.574219119909083,93.0,0.31,1.4793747694837658,0.26958616609152053,2.17,5.087526567888595,4.852042005621015,7.403229430034177,2.7838665890593663,0.733701697987103,0.733701697987103,0.3329342217682072,0.8,1.0,14.174697515365793,11.558929980590193
Intelligent Octopus average,11,5.5,17:30,300,97.005,0.32335,1.5223525666819295,0.1468829052935738,2.26345,5.020703956947161,4.899192261401246,7.7268744900499975,2.8276822286487517,0.696821424352819,0.6968214243528189,0.23340414835333184,0.7607959026389993,0.988337039481133,13.47808578792229,10.843298890372647,84.0,0.28,1.250318181118035,0.06454547255859049,1.96,3.749302666577386,3.749302666577386,6.240281269361443,2.2606786486933568,0.6628990378612547,0.6628990378612544,0.13678865594010042,0.7148422281462798,0.9518161348099661,12.634856863038419,9.932995669816604,111.0,0.37,1.7879421161518254,0.25091381889312553,2.59,6.105988141858145,6.036759610121578,9.120755439321446,3.454403514036483,0.7362292327665949,0.7362292327665944,0.3481162765115692,0.8,1.0,14.275032616012972,11.624760533022496
Intelligent Octopus average,12,6.0,18:00,300,114.375,0.38125,1.7885118526542412,0.11873781208388552,2.66875,5.893778522624155,5.791575182200879,9.382184732493636,3.590609550292757,0.6974979805329312,0.6974979805329312,0.2305694707273564,0.7639349573444035,0.989050217181566,13.508018954641937,10.881436720064432,101.0,0.33666666666666667,1.530878913998832,0.04757649979188771,2.3566666666666665,4.63420038372913,4.555841157600004,7.795427723568296,2.9459287030235086,0.6655480769373568,0.6655480769373566,0.1370007497946381,0.7213652878979159,0.9550105372142704,12.854348999951954,10.213310475207225,128.0,0.4266666666666667,2.035415235587645,0.20583285840802718,2.986666666666667,7.088632519758015,7.051928903143785,11.02406880690891,4.244800033514114,0.7300270726326629,0.7300270726326625,0.33483515150348586,0.8,1.0,14.144340659635569,11.55348933569703
Intelligent Octopus average,13,6.5,18:30,300,132.68,0.44226666666666664,2.0366230670523033,0.09611331628517585,3.0958666666666663,6.6447139300172875,6.571599841102778,11.066474916189884,4.494875075087106,0.7019349941515859,0.7019349941515857,0.23667418547605176,0.7701564777313277,0.9912309243309361,13.36126577215188,10.806700321005767,119.0,0.39666666666666667,1.7422513853647512,0.028417173501570546,2.776666666666667,5.576580297726069,5.4548822977600135,9.568751489371566,3.783721097847274,0.6724923871152675,0.672492387115267,0.15673989678319186,0.7288167174485913,0.9639652356375128,12.880392930788085,10.248316162901572,146.0,0.4866666666666667,2.282095983965921,0.16885047133156955,3.4066666666666667,7.738501530056977,7.724717454581689,12.561680594882478,5.228701573399289,0.7315195431344442,0.731519543134444,0.3264656184198385,0.8,1.0,13.789104048346516,11.369575156315527
Intelligent Octopus average,14,7.0,19:00,300,151.035,0.50345,2.24846986409715,0.09068240761833496,3.52415,7.265006940896194,7.204352811053916,12.729031613440402,5.524678802386487,0.7089958349331047,0.7089958349331046,0.2436345306167526,0.7786218776031351,0.9938491962633469,13.093656059466014,10.636080200851566,139.0,0.4633333333333333,1.953675529684031,0.030826654085072056,3.243333333333333,5.963563805812725,5.945546616533953,11.257804146185961,4.785041159609458,0.6801997416493729,0.6801997416493732,0.1641944904717215,0.7425034685085437,0.970832460228205,12.700729974654285,10.159255025389234,165.0,0.55,2.494272654224678,0.15714860723171697,3.85,8.579040626093951,8.57076759085975,14.343876350649186,6.39838778511146,0.7329633002660777,0.732963300266078,0.32350946764092803,0.8,1.0,13.48501068379012,11.133113649700846
Intelligent Octopus average,15,7.5,19:30,300,168.8,0.5626666666666666,2.4094209690742803,0.09675432784638371,3.9386666666666668,7.703546822426436,7.662470987382379,14.307185151623937,6.644714164241558,0.7179087683172903,0.7179087683172903,0.2556249815357421,0.7886938639827025,0.996484154916196,12.747484229761582,10.411206067810378,157.0,0.5233333333333333,2.0902546337520724,0.02846538002501621,3.6633333333333336,6.406185800969612,6.406185800969612,12.621104745693101,5.823847863547822,0.6907760394529142,0.6907760394529141,0.1818250139228853,0.7565375830600771,0.9799965177043988,12.407279112155138,9.948259627180402,183.0,0.61,2.6721643728402933,0.16920617511267633,4.27,9.021706518865464,8.981308344745536,15.920813656837257,7.520607819812655,0.7414544195222247,0.7414544195222244,0.32167022349320695,0.8,1.0,13.051278185299896,10.860723460836066
Intelligent Octopus average,16,8.0,20:00,300,184.525,0.6150833333333333,2.5086200144946833,0.11350940877839102,4.305583333333334,7.878283828038109,7.850035540249164,15.67864213601711,7.828606595767948,0.7288748231112251,0.728874823111225,0.2749370503733678,0.7963085856735479,0.9985312228186771,12.35407884917256,10.161221183608118,170.0,0.5666666666666667,2.2157169344460517,0.042919225410189145,3.966666666666667,6.633426175316862,6.622875547507861,13.989300543527715,6.980002235199706,0.7019538903032354,0.7019538903032354,0.20681702125721554,0.7758788429253873,0.9899841820678158,12.027187431496486,9.751248690892682,200.0,0.6666666666666666,2.7836753446863107,0.20002456278732886,4.666666666666667,9.172253143916832,9.125339630504646,17.25928417755118,8.803500551852983,0.7519524094226065,0.7519524094226072,0.3319762652267109,0.8,1.0,12.67475037445665,10.590494003771877
Intelligent Octopus average,17,8.5,20:30,300,199.06,0.6635333333333334,2.5514581669094603,0.14405896716781683,4.644733333333334,7.923413811255286,7.896400706491184,16.92735289930009,9.030952192808906,0.739700579017699,0.7397005790176991,0.2929841532985493,0.7996271306672602,0.9994171513647402,11.919639768151287,9.869524395138106,185.0,0.6166666666666667,2.2543178002042925,0.06679353829246677,4.316666666666666,6.561609221230496,6.561609221230496,15.411241265009078,8.084311738951616,0.7164790728673942,0.7164790728673934,0.22339537273754662,0.7997271130423655,0.9976311453929858,11.616220987410676,9.466347567096108,212.0,0.7066666666666667,2.8491418430861803,0.23333333333333328,4.946666666666666,9.107073394272183,9.06825114403379,18.504405400904425,10.030267288823094,0.7614251936832176,0.7614251936832179,0.359861753055022,0.8,1.0,12.22699953265462,10.276405717356154
Intelligent Octopus average,18,9.0,21:00,300,212.19,0.7073,2.545234305276295,0.18997171496588702,4.9511,7.77239342532772,7.741940662741221,17.970430389329973,10.228489726588752,0.7515718595416477,0.7515718595416481,0.31520997861284633,0.8003489693017145,0.9998555157734689,11.463919636381403,9.570589042854959,198.0,0.66,2.229262106376422,0.09721898168206995,4.62,6.411784807523807,6.409336035163022,16.197753413433322,9.241999072353945,0.7288090657523308,0.7288090657523314,0.2491280704890304,0.8,1.0,11.175741902914917,9.200113719871414,226.0,0.7533333333333333,2.8475367336772326,0.27962714441595066,5.273333333333333,9.117336086829246,9.094130561332234,19.55941153511715,11.268799970434221,0.7728404937289116,0.7728404937289117,0.38888408575788525,0.8,1.0,11.763101710645312,9.941728721741091
Intelligent Octopus average,19,9.5,21:30,300,223.36,0.7445333333333334,2.492010863890891,0.250327937604122,5.211733333333333,7.48696411461334,7.455889002524193,18.83345794981005,11.377568947285857,0.7632377629812475,0.7632377629812478,0.3379889544950746,0.8007438126455934,0.9999688667391945,11.005905915590203,9.265147846426517,209.0,0.6966666666666667,2.174087237681776,0.14690407991749063,4.876666666666667,6.361756674765765,6.3271048064761395,17.12990755602624,10.428854550698308,0.7424714058476067,0.7424714058476072,0.2670637739321328,0.8,1.0,10.702331609337234,8.891464167730696,236.0,0.7866666666666666,2.782535279581694,0.34654624773918197,5.506666666666667,8.676508342333824,8.631886583975863,20.37545981922437,12.516594051689967,0.7829840530827077,0.7829840530827082,0.4097648805420268,0.8023738679603233,1.0,11.305445770697016,9.605151809358063
Intelligent Octopus average,20,10.0,22:00,300,232.51,0.7750333333333334,2.3994097960708247,0.3232579477017696,5.425233333333333,7.0825967605566165,7.044531136227859,19.50892142011842,12.464390283890559,0.7746272653132228,0.7746272653132233,0.3618187401658329,0.8033701751663024,1.0,10.538497981481918,8.949704730157213,220.0,0.7333333333333333,2.105239368867407,0.1932508031853045,5.133333333333334,5.98836759554431,5.978679535849768,17.85138319807994,11.487300653088175,0.7564308769911823,0.7564308769911824,0.2912656200528244,0.8,1.0,10.245006403502392,8.556826065950956,245.0,0.8166666666666667,2.655210637631762,0.4419391595976082,5.716666666666667,8.177465361896061,8.148254093800254,20.986859684874098,13.578234777362814,0.7921546317476936,0.7921546317476938,0.4362374639222919,0.8240503115351163,1.0,10.827351316201234,9.284521098109451
Intelligent Octopus average,21,10.5,22:30,300,239.395,0.7979833333333333,2.259483992805231,0.41813234071025734,5.585883333333333,6.50945234646499,6.466034264823842,19.91067984568572,13.444645580861875,0.7869146767364099,0.7869146767364105,0.39119148368522993,0.8101397114774802,1.0,10.060874140507213,8.633763430331602,227.0,0.7566666666666667,1.9836980969053355,0.2806120643960818,5.296666666666667,5.470204898140917,5.423471865781829,18.45934252350564,12.421354410267263,0.7706494386601253,0.7706494386601264,0.3122518300172568,0.8,1.0,9.76369621944035,8.260505542449273,250.0,0.8333333333333334,2.5179355547084703,0.5484283457673091,5.833333333333333,7.5122620941204525,7.454627845815274,21.367421387406498,14.460480398425995,0.8037301661538763,0.8037301661538773,0.46662748285290023,0.85,1.0,10.337082868061819,8.981226843475437
Intelligent Octopus average,22,11.0,23:00,300,244.58,0.8152666666666667,2.08438288194687,0.525204632915611,5.706866666666667,5.855943178858171,5.804250894478201,20.1031243912755,14.298873496797295,0.7990012740616435,0.7990012740616441,0.42345713563303783,0.8239880736754899,1.0,9.580483879978878,8.3165377948319,234.0,0.78,1.8343866883341498,0.3738276521838769,5.46,4.848287754287042,4.8167794477082495,18.674810414109785,13.211339811407615,0.7830118041978614,0.7830118041978616,0.3474920925059851,0.8,1.0,9.294715414941798,7.952133774980514,256.0,0.8533333333333334,2.351945991828641,0.678181424590164,5.973333333333334,6.781487003567381,6.7242657196673585,21.572300670337206,15.388037485141682,0.8141160150561049,0.8141160150561058,0.49764110328344624,0.85,1.0,9.859824582845059,8.642923996662534
Intelligent Octopus average,23,11.5,23:30,300,247.805,0.8260166666666667,1.8872222481654748,0.640549405546592,5.782116666666667,5.145303731332051,5.090504105194409,20.091610054462038,15.001105949267625,0.8107546994326469,0.8107546994326478,0.4551802854712438,0.8386827276788617,1.0,9.100639878103488,7.99748890902354,236.0,0.7866666666666666,1.6408136339701878,0.46876630667444646,5.506666666666667,4.271837577463197,4.240110675531958,18.649737263231806,13.90453926411923,0.795245420887672,0.7952454208876726,0.3761876962485287,0.8,1.0,8.817643518783447,7.646505299657811,258.0,0.86,2.1402824120296926,0.7937874210632039,6.02,6.090590759191088,5.951252790333284,21.368933465410063,16.15098481981487,0.8247785739615633,0.8247785739615642,0.5335556255391611,0.85,1.0,9.373087815277701,8.33628622861819
Intelligent Octopus average,24,12.0,00:00,300,249.7,0.8323333333333334,1.677957089236269,0.7723605325286882,5.826333333333333,4.430436480344266,4.370156214611123,19.91206046767581,15.541904253064688,0.821984276371237,0.8219842763712378,0.4908995111933499,0.8474931027277123,1.0,8.612352127972516,7.662355715511177,239.0,0.7966666666666666,1.449315768983326,0.5830594263485451,5.576666666666667,3.552537457972471,3.506059530231631,18.52030352997567,14.438355192468721,0.8072557852520714,0.8072557852520716,0.4136064990496495,0.8286124787675788,1.0,8.32241583540072,7.316139885394638,259.0,0.8633333333333333,1.9128787306085564,0.9422311053823527,6.043333333333333,5.292053858862448,5.182199141480393,21.152525015212433,16.71681422944288,0.8361817741759626,0.8361817741759638,0.5738246390404431,0.85,1.0,8.894043630753307,7.986904054551436
Intelligent Octopus average,25,12.5,00:30,300,250.815,0.8360500000000001,1.4647212964948322,0.9209505777196548,5.85235,3.743853685115044,3.6797928845854653,19.58367696109444,15.903884076508973,0.8325557767384453,0.8325557767384463,0.529594380349483,0.8513842244455401,1.0,8.12517337213178,7.317560533160771,241.0,0.8033333333333333,1.2363452308556608,0.7473844256325732,5.623333333333333,2.912679291965676,2.8954975546427226,18.20110070362664,14.841573880630182,0.8198837793837179,0.8198837793837193,0.45650671230482553,0.85,1.0,7.824451819555951,6.9972397002277615,261.0,0.87,1.7135375535300326,1.1196607296716563,6.09,4.543933451184168,4.428419721449334,20.724486373055946,17.126460715437908,0.8454995281910354,0.845499528191037,0.6,0.8627690497305285,1.0,8.400670192608139,7.634749886309727
Intelligent Octopus average,26,13.0,01:00,300,251.605,0.8386833333333334,1.2731195285098178,1.086524085011604,5.870783333333334,3.1263089653735445,3.0606030808490727,19.14722371039123,16.086620629542157,0.841887392453228,0.841887392453229,0.5670375131394931,0.8556694224056552,1.0,7.636775382184375,6.9568372022575184,241.0,0.8033333333333333,1.0670866095290616,0.9043338214627836,5.623333333333333,2.38903250175141,2.348408053161361,17.753407890689076,14.993919424192878,0.8302488245009971,0.8302488245009987,0.49995498816689454,0.85,1.0,7.333700252827695,6.641098631835847,261.0,0.87,1.4892824293005096,1.2914666829141108,6.09,3.818941184107128,3.7240421707200366,20.190513480799485,17.325329874375033,0.8540640442491921,0.8540640442491937,0.627388544614013,0.8908718342306883,1.0,7.921160945306072,7.2723444590913635
Intelligent Octopus average,27,13.5,01:30,300,252.125,0.8404166666666667,1.098929543979535,1.279232744009048,5.882916666666667,2.5819318517730268,2.51422718155255,18.60286642964612,16.08863924809357,0.8500220072515506,0.8500220072515517,0.6002488686162382,0.864661025327236,1.0,7.149584843612256,6.5822966617248335,242.0,0.8066666666666666,0.9034111467073702,1.0700703110148835,5.6466666666666665,1.969258060401439,1.8674897864816402,17.247424378796804,14.988814969015674,0.8384738641079268,0.838473864107928,0.538672647657189,0.85,1.0,6.852911564148866,6.28558897186152,262.0,0.8733333333333333,1.2839511998596265,1.4885466849310107,6.113333333333333,3.21913031363005,3.1987919598912486,19.653591231870926,17.286041872815023,0.8610138523837495,0.8610138523837506,0.665621949759181,0.9,1.0,7.439425182538092,6.880037350419399
Intelligent Octopus average,28,14.0,02:00,300,252.605,0.8420166666666666,0.9389433165363776,1.4852884953940282,5.894116666666666,2.1181696186389805,2.045964162362209,17.95244509910116,15.906480936738946,0.85690291922503,0.8569029192250313,0.6319807862940301,0.8761071984007935,1.0,6.660673338883068,6.1902836524259035,242.0,0.8066666666666666,0.7620054862185688,1.2785602214396612,5.6466666666666665,1.5383168326780277,1.4970248525395093,16.633374367640325,14.795570703368979,0.8465503461399065,0.8465503461399079,0.5813368082460322,0.85,1.0,6.361733280713133,5.900673958101094,263.0,0.8766666666666667,1.1195412767167785,1.686861741401911,6.136666666666667,2.7542444703894975,2.6187423708852466,18.987979138607958,17.053504480162665,0.8667354689506092,0.8667354689506104,0.6987422127605845,0.9,1.0,6.9685057634602545,6.4930425083417065
Intelligent Octopus average,29,14.5,02:30,300,253.09,0.8436333333333333,0.7991402601643762,1.7074555488115968,5.905433333333333,1.726280825969813,1.650357984921894,17.193584473457676,15.54322648853578,0.8627508252947655,0.8627508252947668,0.6610487749708543,0.8866478594328789,1.0,6.1714235159750634,5.783200758620127,243.0,0.81,0.6149864895730611,1.4740738756738359,5.67,1.1951925687753,1.1168142954487057,15.92097634584979,14.517090141232856,0.8536584710439501,0.8536584710439512,0.6045157048540404,0.85,1.0,5.861733280713135,5.48848262023619,263.0,0.8766666666666667,0.9620369452755235,1.9523417336420001,6.136666666666667,2.2810488445147983,2.183232764112509,18.211811016548875,16.65350125321261,0.8713781765427245,0.871378176542726,0.7,0.9,1.0,6.471739926995512,6.094204228456396
Intelligent Octopus average,30,15.0,03:00,300,252.98,0.8432666666666667,0.6661516645608205,1.9338687318371064,5.902866666666666,1.3850898093344848,1.3070533919692848,16.305163913041735,14.99811052107245,0.8677548323234859,0.8677548323234872,0.6832720939039778,0.8943344512959768,1.0,5.684606030686874,5.368049280422138,243.0,0.81,0.4851675652695865,1.6819516919663138,5.67,0.9459480610245936,0.7892551609166457,15.117826581705419,13.98603793225444,0.8590842330484477,0.8590842330484488,0.6340092473562199,0.8621570686853441,1.0,5.373822992245211,5.080759424248571,262.0,0.8733333333333333,0.822453964855762,2.1836575871303316,6.113333333333333,1.887557229782555,1.7808766229840634,17.316242093980513,16.083646611963218,0.8754255991126267,0.8754255991126284,0.7,0.9,1.0,5.974076761278008,5.679101782349075
Intelligent Octopus average,31,15.5,03:30,300,252.34,0.8411333333333333,0.5449846040748074,2.162474565505527,5.887933333333333,1.0807727051478657,1.0053219300341256,15.282092072339488,14.276770142305361,0.8722164624526375,0.8722164624526388,0.6981563536800027,0.89863182745531,1.0,5.198530092888671,4.945815486053416,243.0,0.81,0.3898699675852615,1.9164202612235763,5.67,0.6922306056106248,0.5822910767065168,14.1787844219985,13.318976798234628,0.8642971341612112,0.8642971341612125,0.6748479488824051,0.893348263378976,1.0,4.893601415071253,4.653854413062679,262.0,0.8733333333333333,0.690296378775256,2.431611618129487,6.113333333333333,1.5313740312845465,1.4398888937967311,16.314874795583567,15.351497181999976,0.8793472590465957,0.8793472590465967,0.7138295023343331,0.9,1.0,5.484786079585205,5.2729781196974
Intelligent Octopus average,32,16.0,04:00,300,250.915,0.8363833333333334,0.44096595947799927,2.368795282085871,5.854683333333334,0.8342077871824805,0.7621784180204153,14.149159475612892,13.386981057592477,0.875742881295688,0.8757428812956894,0.7049575390118925,0.899647435306318,1.0,4.728606798148269,4.5279766134335695,240.0,0.8,0.30060336576046875,2.101733033546256,5.6,0.48260492489738366,0.41764122610913806,13.125000861700947,12.438718988885103,0.8688330221094647,0.868833022109466,0.7,0.9,1.0,4.416690213424185,4.2271995562810165,261.0,0.87,0.5858205228717314,2.6605454326395153,6.09,1.2132168061851187,1.1234042252023049,15.17287546303919,14.429135941353598,0.8817907520918656,0.8817907520918669,0.7425376073037567,0.9,1.0,5.0075779125085615,4.816687891263384
Intelligent Octopus average,33,16.5,04:30,300,248.61,0.8287,0.3537213204933199,2.5646159360171987,5.8009,0.6338215647817619,0.5666345032589096,12.917362850074793,12.350728346815883,0.8785892980519722,0.8785892980519735,0.7145803572441081,0.8999682715615939,1.0,4.272528722104137,4.114868351233719,238.0,0.7933333333333333,0.23512058669282462,2.309975157295628,5.553333333333334,0.3121858880032783,0.28192918885017043,11.985718235802471,11.430221034558095,0.8721244905381546,0.872124490538156,0.7,0.9,1.0,3.9659917796374526,3.8144508581772176,259.0,0.8633333333333333,0.4903443205128369,2.8464367800413024,6.043333333333333,0.9554426052658062,0.8635334741853707,14.04926807155726,13.347324738977496,0.8845173373237076,0.884517337323709,0.75,0.9,1.0,4.554241029365561,4.398896450997608
Intelligent Octopus average,34,17.0,05:00,300,244.145,0.8138166666666666,0.27851620534560967,2.70744141765336,5.696716666666666,0.47520657262319277,0.41348327921789346,11.598898598639698,11.185415319421804,0.8808256642959205,0.8808256642959218,0.7246109891976802,0.8999576676904038,1.0,3.849028080907693,3.7252960159456476,234.0,0.78,0.16340616477612133,2.4387356744743975,5.46,0.2136834960330188,0.18845878980119846,10.684340452543164,10.314239006395802,0.8750438352372366,0.8750438352372375,0.7,0.9,1.0,3.534568257614047,3.4234107220393186,255.0,0.85,0.40291007696747594,2.9948024566646234,5.95,0.7574735584205972,0.6619569975628029,12.684532234359624,12.167518673678517,0.8859240280763893,0.8859240280763903,0.75,0.9,1.0,4.129669530314029,4.0041332262516365
Intelligent Octopus average,35,17.5,05:30,300,237.79,0.7926333333333333,0.21456506952475762,2.79957671005935,5.5484333333333336,0.3492572915701405,0.29629489101107803,10.224644035111426,9.928349144100348,0.8825826752797427,0.8825826752797439,0.7356431014772127,0.9,1.0,3.4503563910664923,3.354345852447432,228.0,0.76,0.11132226146244224,2.5151147326650225,5.32,0.1297576014757245,0.10859687212221089,9.35599505249057,9.085200975098468,0.8769358823143443,0.8769358823143454,0.7,0.9,1.0,3.1484452136231162,3.0685066557676497,251.0,0.8366666666666667,0.30792392046226336,3.090328736246728,5.8566666666666665,0.5814758870820824,0.504681970624914,11.287819864706442,10.883416738648235,0.8874397225517241,0.8874397225517257,0.7575202599618005,0.9,1.0,3.719187233465942,3.634333628991088
Intelligent Octopus average,36,18.0,06:00,300,226.035,0.75345,0.16114373193836984,2.7794984815899575,5.27415,0.25629115439207756,0.2106361949974101,8.825274776766694,8.614638581769283,0.8838621838029991,0.8838621838030002,0.7461668729972447,0.9,1.0,3.122126969844572,3.046310571810988,215.0,0.7166666666666667,0.07021113485202822,2.4868121015573044,5.016666666666667,0.07205116133322526,0.059627356894978535,7.903495804372423,7.768135324295852,0.8785791589334434,0.8785791589334446,0.7,0.9,1.0,2.8204689190670114,2.7404999592642674,239.0,0.7966666666666666,0.2451732123715082,3.0776899968783265,5.576666666666667,0.4723156494887191,0.4035923113717121,9.741340825588132,9.527693505289987,0.8887468720126668,0.8887468720126678,0.8,0.9,1.0,3.4338305748699907,3.342473164397104
Intelligent Octopus average,37,18.5,06:30,300,208.035,0.69345,0.11748566901822775,2.6325986775007495,4.854150000000001,0.18527691719875164,0.150049283695897,7.477606316789564,7.327557033093667,0.8848468386445515,0.8848468386445525,0.7536999867953209,0.9,1.0,2.8791618120293663,2.818496235696985,194.0,0.6466666666666666,0.04421952033401558,2.3457967456111604,4.526666666666666,0.04073536554108482,0.038809187658175474,6.533673830714878,6.488275144722777,0.878627346487725,0.8786273464877261,0.701746469538395,0.9,1.0,2.5715754136821487,2.5027600716069514,222.0,0.74,0.2006386829357756,2.9065263158209986,5.18,0.3789851157247774,0.3207840107536365,8.332902730057468,8.246065080231338,0.8905576150027054,0.890557615002706,0.8,0.9,1.0,3.1953634880319446,3.1310694197463182
Intelligent Octopus average,38,19.0,07:00,300,183.745,0.6124833333333334,0.08877328458335755,2.3423101930929233,4.2873833333333335,0.14591268926938653,0.11633530330235793,6.237352442090965,6.121017138788607,0.8855928749014744,0.8855928749014751,0.758346900470294,0.9,1.0,2.7404321591344183,2.687110033207521,170.0,0.5666666666666667,0.032518429848351654,2.0849154631616025,3.966666666666667,0.024246258481669235,0.017860814305320685,5.380434593284979,5.228283022613604,0.8790025629788625,0.8790025629788633,0.7017277664120916,0.9,1.0,2.410383245501639,2.3407292584040906,196.0,0.6533333333333333,0.15768231464335206,2.5967027618808904,4.573333333333333,0.3345678665950082,0.27176557116129,7.0560967830141275,7.005955280674882,0.8919660419579433,0.8919660419579439,0.8,0.9,1.0,3.0744625455011207,3.0227432386580135
Intelligent Octopus average,39,19.5,07:30,300,153.92,0.5130666666666667,0.07100553570538597,1.938731891745194,3.5914666666666664,0.12775772810295508,0.10386806717799171,5.192962889091884,5.089094821913893,0.8852135795125706,0.8852135795125707,0.7570941932498024,0.8998478270165698,1.0,2.759071519577599,2.705718899235517,139.0,0.4633333333333333,0.020680168614207975,1.707904540855444,3.243333333333333,0.008574349356654198,0.0071826726501567515,4.327421924271642,4.224057365562639,0.876586961404475,0.8765869614044748,0.7,0.9,1.0,2.3672060590713326,2.3304431886149906,168.0,0.56,0.13046416793216536,2.169426033027414,3.92,0.30452140796703586,0.273528855733074,6.108228254716701,5.990541919273042,0.8936507324629898,0.8936507324629902,0.8,0.9,1.0,3.121349495899762,3.0752055344979072
Intelligent Octopus average,40,20.0,08:00,300,126.575,0.4219166666666667,0.06781339929712588,1.5553830509815816,2.9534166666666666,0.1328486860328948,0.10879335625948368,4.362278336739516,4.253484980480032,0.8847804731845335,0.8847804731845333,0.7543263025974638,0.8996761385078359,1.0,2.8633082840385327,2.7993308854219134,113.0,0.37666666666666665,0.018198412759758857,1.319975742301584,2.6366666666666667,0.007869628031999283,0.006409638260414145,3.5248813945550075,3.4016683108005976,0.874006032393205,0.874006032393205,0.7,0.9,1.0,2.4163516206565037,2.361822458009252,139.0,0.4633333333333333,0.12567028127011398,1.765673834930849,3.243333333333333,0.35226331148913725,0.27829870853923133,5.302081348542288,5.183724432595013,0.8953459995556554,0.8953459995556551,0.8,0.9,1.0,3.3236410128603042,3.2558331434674606
Intelligent Octopus average,41,20.5,08:30,300,102.21,0.3407,0.07256812267452284,1.2108586100500442,2.3849,0.14825531251183927,0.12056449503941583,3.716947456440045,3.5963829614006295,0.8831525164317412,0.883152516431741,0.7475668910731501,0.8977668950400974,1.0,3.068960992597908,2.9839792032015784,90.0,0.3,0.022545590377867734,0.9941843237645772,2.1,0.014208965107031955,0.009831931205117411,2.9477572911355687,2.8099767140054968,0.8686860775592283,0.8686860775592281,0.7,0.8796554488044732,1.0,2.5755635296878903,2.5074349021452553,115.0,0.38333333333333336,0.13501481786208122,1.4188147573219705,2.683333333333333,0.3311072151203545,0.28105391453932216,4.611146758359329,4.48661221357883,0.8957187893785431,0.8957187893785427,0.8,0.9,1.0,3.610064424199563,3.497989728086126
Intelligent Octopus average,42,21.0,09:00,300,84.8,0.2826666666666667,0.07905047386959234,0.9733512962451191,1.9786666666666668,0.1733161621488933,0.13790561507370516,3.24012214632163,3.1022165312479246,0.8816733983125404,0.88167339831254,0.7402377232346042,0.8953176880963057,1.0,3.2804445879183577,3.1641108966979825,71.0,0.23666666666666666,0.027040101576561018,0.7679464928758657,1.6566666666666667,0.023778350976550816,0.014316185093013054,2.510752853830896,2.37171689080812,0.8635617368652566,0.8635617368652562,0.7,0.85,1.0,2.7078371377228208,2.610380180849362,98.0,0.32666666666666666,0.14396654029078004,1.1877357936637052,2.2866666666666666,0.43523897157489966,0.3367135411984217,4.10441879628163,3.9282031048031754,0.8984696335737438,0.8984696335737435,0.8,0.9,1.0,3.8727040704451623,3.711474176873052
Intelligent Octopus average,43,21.5,09:30,300,74.515,0.24838333333333334,0.08733333405873868,0.8415770764517825,1.7386833333333334,0.20286214042670625,0.16018794954405455,2.8494442447103467,2.689256295166292,0.8790377252383295,0.879037725238329,0.7312319418980148,0.8933397516805219,1.0,3.332822139713999,3.1794118044271165,61.0,0.20333333333333334,0.02736370415427568,0.6561826614629941,1.4233333333333333,0.024191888248729698,0.01852958735799275,2.153492314907066,2.0085877275049477,0.8579063882993277,0.8579063882993271,0.671031191040126,0.85,1.0,2.6611383301733946,2.5901054593031234,87.0,0.29,0.1618151036490402,1.0596756373135376,2.03,0.46978743589864963,0.37815560401104625,3.6126155860896034,3.446158946148652,0.8965277777777778,0.8965277777777776,0.8,0.9,1.0,4.0026701436974195,3.852834599352942
Intelligent Octopus average,44,22.0,10:00,300,65.48,0.2182666666666667,0.09460951473172274,0.7354512298743878,1.5278666666666667,0.22350843273187782,0.1714309567177356,2.5162874251671123,2.3448564684493767,0.8768014814030444,0.8768014814030441,0.7195047795829871,0.8908433737652078,1.0,3.3922012882300887,3.202930285242725,53.0,0.17666666666666667,0.03176783449768735,0.5581762233526057,1.2366666666666666,0.026758459769757662,0.02242919804171198,1.8921936823371233,1.720771369749659,0.8544945238306734,0.854494523830673,0.640804899659869,0.85,1.0,2.716179937053595,2.5505764472288783,78.0,0.26,0.17515443197565642,0.9375070146169439,1.82,0.4848566017017622,0.38891009765516976,3.199195094096993,3.0131736337022037,0.8983587329728986,0.8983587329728981,0.8,0.9,1.0,4.149801391046605,3.8625859208823012
Intelligent Octopus average,45,22.5,10:30,300,58.15,0.19383333333333333,0.10313487029234557,0.65378153460933,1.3568333333333333,0.24230433050014583,0.18412183407326224,2.2295385383486983,2.0454167042754356,0.8742264492946012,0.8742264492946009,0.7108584009407629,0.8885417285919369,1.0,3.4642796158134903,3.2328027411933355,46.0,0.15333333333333332,0.040931983861030904,0.48841143125261016,1.0733333333333333,0.027347170897932323,0.019589700208182664,1.6655534646629921,1.4786894733997606,0.8467882934241983,0.8467882934241983,0.6,0.85,1.0,2.7414778154386443,2.5463482016006793,69.0,0.23,0.18486929636286648,0.8359644127522605,1.61,0.5150971392920352,0.40936240504644617,2.890030513743185,2.638404468622892,0.8972727272727272,0.8972727272727267,0.8,0.9,1.0,4.283056703811318,4.013025331902244
Intelligent Octopus average,46,23.0,11:00,300,52.53,0.1751,0.12325933337288361,0.5831552728416124,1.2257,0.30626947888037476,0.23273819611807878,2.026663811744707,1.7939256156266281,0.8686737328470407,0.8686737328470406,0.6860615963757436,0.8842061538856467,1.0,3.6525138560066197,3.3321187183803107,41.0,0.13666666666666666,0.04770432322703482,0.43895854472607615,0.9566666666666667,0.05765102536467249,0.03191704912019958,1.5040793042369134,1.294514503207896,0.8350489310243506,0.8350489310243506,0.5288324299936513,0.85,1.0,2.767669912541025,2.515889503589,64.0,0.21333333333333335,0.20689279649939316,0.73861061539317,1.4933333333333334,0.6695059456701306,0.4930110458817493,2.618026753363456,2.3684613002651003,0.8937698739027276,0.8937698739027271,0.8,0.9,1.0,4.605831187710955,4.154588472658562
Intelligent Octopus average,47,23.5,11:30,300,48.09,0.1603,0.14696033110153853,0.5221795524290207,1.1220999999999999,0.3822902204421393,0.2978270467331899,1.8827360367882944,1.5849089900551043,0.861889474672353,0.8618894746723528,0.6563990259616048,0.8806964737242963,1.0,3.974306014201494,3.543641012899804,36.0,0.12,0.07171784271178397,0.3809835721808374,0.84,0.10752875649493693,0.061621983693154476,1.3762980275332921,1.1396869505962284,0.8298194624778472,0.8298194624778472,0.47964254875853923,0.825,1.0,2.9021795240403865,2.557861789979745,57.0,0.19,0.24439828102049593,0.6694622758027258,1.33,0.7705322793661902,0.6069483845696881,2.479812849753635,2.1222785181879913,0.892026078706304,0.892026078706304,0.7933316245574737,0.9,1.0,5.18069541700106,4.581937100282073
Scheduled charging,0,0.0,12:00,90,20.545,0.22827777777777775,0.05985663466454934,0.3921019989536129,1.5979444444444446,0.07070702152266077,0.045217182714651825,1.4688316322217208,1.423614449507069,0.8542349422620288,0.8542349422620288,0.7341624323541821,0.851057314383379,0.9975925931385781,2.88579332967735,2.82995424442113,17.0,0.18888888888888888,0.0,0.2365513543269922,1.3222222222222222,0.0,0.0,1.0227707599652902,1.0173349697031664,0.8308176725356697,0.8308176725356698,0.6119693622341202,0.8,0.9974999999999999,2.439674031394703,2.3415339615850734,24.0,0.26666666666666666,0.1724244519501237,0.5647533537286198,1.8666666666666667,0.30680099002500055,0.17838840758642946,1.9485958498886273,1.9175356711700065,0.8785714285714286,0.8785714285714286,0.7963660833652035,0.9,1.0,3.305508150539481,3.2799852893909547
Scheduled charging,1,0.5,12:30,90,19.06,0.21177777777777776,0.06322438111391021,0.3900561541983842,1.4824444444444445,0.06735607098109841,0.04366108580524622,1.3041535040122567,1.2604924182070105,0.846017154139608,0.8460171541396082,0.7259436420811276,0.8389567736107262,0.9880074819046891,2.676710834358182,2.618320518249861,15.0,0.16666666666666666,0.0,0.2256195142108054,1.1666666666666667,0.0,0.0,0.89952934780036,0.8750271594642118,0.8230432247574415,0.8230432247574417,0.6109773698392351,0.8,0.9149999999999999,2.2490158723585383,2.146469086733724,23.0,0.25555555555555554,0.17982624220177498,0.5601812825960814,1.788888888888889,0.24543570856140906,0.1842877200411033,1.7995073910409705,1.7199540397432247,0.8692068677382491,0.8692068677382492,0.7904769789815375,0.875,1.0,3.1422741450587433,3.1025282314044356
Scheduled charging,2,1.0,13:00,90,16.72,0.1857777777777778,0.0681936857183518,0.3368218556087137,1.3004444444444445,0.07335276520892968,0.04821025095162379,1.152293168530836,1.104082917579212,0.8410968670301522,0.8410968670301523,0.7141370426420077,0.8335667958361749,0.973103142936003,2.6180114185097216,2.5474016814391462,13.0,0.14444444444444443,0.0,0.15962798607852244,1.011111111111111,0.0,0.0,0.7551632553489298,0.7380560168170144,0.8155370123555153,0.8155370123555155,0.6,0.8,0.9050000000000001,2.150138025615525,2.048496853391583,21.0,0.23333333333333334,0.18812060693480648,0.5078614143073671,1.6333333333333333,0.31059089294117725,0.17789895997389019,1.6522954959434533,1.5555140131476906,0.8663712913828137,0.8663712913828138,0.79,0.9,1.0,3.1079522570348503,3.074558952456758
Scheduled charging,3,1.5,13:30,90,14.955,0.16616666666666668,0.08423099287503583,0.2936613549888259,1.1631666666666667,0.10216835878059051,0.07625095527074889,1.0649322937743402,0.9886813385035913,0.8351631985005923,0.8351631985005923,0.7061436178695409,0.8329651941286943,0.9441482532984585,2.819081786440363,2.700526168608213,11.0,0.12222222222222222,0.008416969131017145,0.11950241088530517,0.8555555555555555,0.0,0.0,0.683815282754977,0.6363797114191048,0.8065376432649974,0.8065376432649977,0.5758520062923282,0.8,0.9,2.123074133390525,1.947380401109302,18.0,0.2,0.19110997811278757,0.4688413050101552,1.4,0.42830075225771674,0.323536372372527,1.5818141927412797,1.4046212998033873,0.8618519950965781,0.8618519950965783,0.8,0.8769482650020661,1.0,3.8983557866928056,3.6774298187080974
Scheduled charging,4,2.0,14:00,90,14.445,0.1605,0.13474612648286907,0.2633972549512549,1.1235,0.19941965719254612,0.1690770678169363,1.0746987027843249,0.9056216349673886,0.8405569069297678,0.8405569069297678,0.7146419113247576,0.8491674179843208,0.9393314411992638,4.2236922923771445,3.935436760617169,10.0,0.1111111111111111,0.03595423892585796,0.09612772094394027,0.7777777777777778,0.013540928297973258,0.01281879821268109,0.6489128948505657,0.5675196672411519,0.8018475021794547,0.8018475021794548,0.5637161143014409,0.8,0.8999999999999999,2.546991757411021,2.5099910845958338,19.0,0.2111111111111111,0.2511404280616854,0.451732114083022,1.4777777777777779,0.49291900384979265,0.4228388724715158,1.5446965841828084,1.3209715833368756,0.8748515684567344,0.8748515684567344,0.8,0.9,0.9960727959090253,5.542984711605115,5.155394180102307
Scheduled charging,5,2.5,14:30,90,14.07,0.15633333333333332,0.12761907430391012,0.3000307112625668,1.0943333333333334,0.1762465822686148,0.1427810414497577,0.9785132911492728,0.8357322496995151,0.8500651425692862,0.8500651425692864,0.7424761851815166,0.8564944161360393,0.9490961887137808,4.043363585282731,3.7822643423250817,10.0,0.1111111111111111,0.0409200522445876,0.13865021317111598,0.7777777777777778,0.008484588375696274,0.003637736170153846,0.5878325364792859,0.5190447045014424,0.8099437908015508,0.8099437908015508,0.6172971844164635,0.8,0.9,2.3907982528874645,2.243277179617788,18.0,0.2,0.2407910916683818,0.4701666710345869,1.4,0.5180775172048362,0.39872257145628054,1.403099650481216,1.2138784911052065,0.8811842863051392,0.8811842863051392,0.8,0.9,1.0,5.318706774300292,5.010212632106521
Scheduled charging,6,3.0,15:00,90,13.055,0.14505555555555555,0.12868411825706438,0.32166099861683534,1.015388888888889,0.16119231502511794,0.1251991103250113,0.8626435513677823,0.737444441042771,0.8524807306494289,0.852480730649429,0.7392250505532733,0.8616324026463603,0.9563157907085983,3.955525473461816,3.7052409460699334,9.0,0.1,0.027471192986752487,0.16776283943087816,0.7,0.005434792946825613,0.005434792946825613,0.49574669117539927,0.4655305164661525,0.8156520371515761,0.8156520371515761,0.6222203022993605,0.8,0.9,2.110349001463054,2.0049970352905127,17.0,0.18888888888888888,0.24047614554298605,0.5111370909622516,1.3222222222222222,0.4789063089107484,0.34638603244692917,1.2256438800083003,1.0459417221386496,0.8832508678760975,0.8832508678760976,0.8,0.9,1.0,5.319175220310463,5.1531803593986485
Scheduled charging,7,3.5,15:30,90,11.475,0.1275,0.1280516343352406,0.2578835191908761,0.8925,0.1556900081077287,0.12218956474557333,0.778761938194238,0.6565723734486647,0.8621514727595491,0.8621514727595492,0.7349908699194313,0.8798569011611497,0.9665873222002773,4.348158184601086,4.094831253470702,8.0,0.08888888888888889,0.03595323277198203,0.13943032978444533,0.6222222222222222,0.006095364285927055,0.006095364285927055,0.4380052139155754,0.377973206378481,0.813851478552511,0.8138514785525112,0.5524594582044514,0.825,0.9,2.2963239721772304,2.0075477302369844,15.0,0.16666666666666666,0.24711038237055685,0.43802977864882886,1.1666666666666667,0.4526569731652693,0.37640808487234584,1.1243941060123885,0.9763345633883377,0.8988331798718234,0.8988331798718235,0.8,0.9,1.0,6.1258262444581995,5.875961181565434
Scheduled charging,8,4.0,16:00,90,11.89,0.1321111111111111,0.15774999928766698,0.291691694980087,0.9247777777777777,0.21102145289918156,0.17015381738104893,0.7667800814649408,0.5966262640838917,0.8539839354256463,0.8539839354256463,0.7007438807948266,0.8758387431523229,0.9712047420405,4.707307330072698,4.417084534384885,8.0,0.08888888888888889,0.038015571911521974,0.14827398977238299,0.6222222222222222,0.00036373644110811025,0.00036373644110811025,0.42279656230023066,0.3416979866457296,0.8120342381578486,0.8120342381578486,0.5284674731226244,0.8,0.9009843896367096,3.0040273372670185,2.7494445718662623,16.0,0.17777777777777778,0.316537446433592,0.4805476840583607,1.2444444444444445,0.5315083634807726,0.441043539883303,1.1304700844484235,0.85200015622433,0.8941194467953907,0.8941194467953908,0.8,0.9,1.0,6.517837631375872,6.376483769149152
Scheduled charging,9,4.5,16:30,90,10.785,0.11983333333333332,0.1545233067845322,0.2663028991585885,0.8388333333333332,0.19704002900762735,0.142060857305891,0.6686079105985049,0.5265470532926139,0.8539977578293473,0.8539977578293473,0.7020757712025538,0.8717267276814223,0.9762009135981693,4.8194926981175845,4.529741922677675,7.0,0.07777777777777778,0.018786089333742068,0.11297355620203824,0.5444444444444444,0.0,0.0,0.37172329512172025,0.27094947335408764,0.8027119214887952,0.8027119214887952,0.5224424073682163,0.8,0.9,2.946415245597727,2.675235164918417,15.0,0.16666666666666666,0.3228949165647709,0.419247557725095,1.1666666666666667,0.5578140061847138,0.38672414002812155,1.0753230296209257,0.7754090182355463,0.8999100919011153,0.8999100919011153,0.8,0.9,1.0,6.73218326576197,6.423289516436072
Scheduled charging,10,5.0,17:00,90,9.205,0.10227777777777777,0.1526325377816935,0.19427895791646868,0.7159444444444445,0.18237782718802042,0.11604196239413528,0.606769090554715,0.4907271281605797,0.8565316733651894,0.8565316733651896,0.7021338893085592,0.8728671951597934,0.9807060657703012,5.289332703259168,4.975789369744705,6.0,0.06666666666666667,0.02761703489560462,0.07777777777777775,0.4666666666666667,0.0,0.0,0.29784631415325963,0.2616346492093789,0.8027508651389245,0.8027508651389244,0.5096526579574724,0.8,0.9,2.999724238734968,2.6343893354755523,13.0,0.14444444444444443,0.29852517341562335,0.3431385752304025,1.011111111111111,0.5300088493817751,0.3218064343937211,0.9745047088948112,0.7676839688620201,0.9057323971039064,0.9057323971039064,0.8000000000000002,0.9,1.0,7.639384261617159,7.263937675333071
Scheduled charging,11,5.5,17:30,90,10.13,0.11255555555555555,0.19911726947779804,0.20350283382489828,0.7878888888888889,0.2416114105111685,0.18755604072504412,0.6700979858744723,0.48254194514942816,0.8495476859450223,0.8495476859450223,0.6848973244091002,0.8648997380312473,0.9832848807420386,6.463935833035684,6.074810996873737,7.0,0.07777777777777778,0.06707612680022602,0.060067938830728904,0.5444444444444444,0.01847390311360448,0.015367272089994444,0.3294760733956539,0.25943702948672454,0.8002208668950374,0.8002208668950375,0.5150632497309322,0.8,0.931297806082746,4.05931688514162,3.6662932510136317,14.0,0.15555555555555556,0.3291386538753785,0.35645838965564247,1.0888888888888888,0.5764390206989958,0.43874139578490523,1.0990032509885346,0.7456288074156441,0.8978569504078098,0.8978569504078099,0.7999999999999999,0.9,1.0,9.211229809728781,8.72988772208068
Scheduled charging,12,6.0,18:00,90,9.76,0.10844444444444445,0.1852184259082986,0.20994342135095667,0.7591111111111111,0.2183168560898886,0.1553192799704532,0.6319423218676434,0.4766230418971903,0.8546626666866173,0.8546626666866175,0.6945108244727639,0.8634521853074578,0.9879800953310105,6.831743234771828,6.458057899733645,6.0,0.06666666666666667,0.038350309868106974,0.058158425686568885,0.4666666666666667,0.018619728126436558,0.011876592297418893,0.3035835431836886,0.25229076372258935,0.8034480328617231,0.803448032861723,0.5121493146696121,0.8,0.9445452802437116,4.372877684223357,3.9948762553968575,13.0,0.14444444444444443,0.3253790481844597,0.37834640063082187,1.011111111111111,0.531387149547335,0.3869898129204317,1.050807751988156,0.7803842233255169,0.9058685331237708,0.9058685331237708,0.8,0.9,1.0,9.18801332955945,8.805868944107932
Scheduled charging,13,6.5,18:30,90,9.66,0.10733333333333332,0.19160777275543134,0.22044388103379434,0.7513333333333333,0.2398287093550023,0.18355317800292614,0.6424844021249162,0.45893122412199006,0.8552425186801781,0.8552425186801781,0.7009871237324954,0.8585919344989625,0.989025278153497,7.422329943116012,7.006690785296087,6.0,0.06666666666666667,0.03783868804185139,0.08146366947986698,0.4666666666666667,0.004262981731203307,0.004262981731203307,0.26139532599326293,0.22001232596200967,0.7976485409920091,0.7976485409920092,0.5217297938100541,0.8,0.9487472003801429,5.099443760702594,4.56235854370448,13.0,0.14444444444444443,0.3945310371031214,0.39571407191038405,1.011111111111111,0.6102900809207933,0.5078229786825486,1.1604291469865928,0.7713514175490428,0.9056869315704182,0.9056869315704184,0.8,0.9,1.0,10.493385081512258,9.76928714995967
Scheduled charging,14,7.0,19:00,90,9.73,0.10811111111111112,0.221160114945568,0.1853405757065832,0.7567777777777778,0.29304906935821773,0.2562875410644549,0.7132428075588786,0.4569552664944237,0.8561811273313118,0.8561811273313118,0.6976119718156977,0.8575281901848628,0.9916370977111564,8.862061409708364,8.342771954646146,6.0,0.06666666666666667,0.08173451277223402,0.04702698883921238,0.4666666666666667,0.03247420451015337,0.02935528818850545,0.3132318276192057,0.20695472116956737,0.7869011309422405,0.7869011309422405,0.503126329465001,0.8,0.9604214465556302,6.411277332935005,6.041956145686492,13.0,0.14444444444444443,0.37284008027873317,0.34345184520398997,1.011111111111111,0.695760005910803,0.6227737487613919,1.246193487815894,0.8058890812257488,0.9031321844886242,0.9031321844886243,0.8,0.9,1.0,11.6371396631464,10.989052721175376
Scheduled charging,15,7.5,19:30,90,9.52,0.10577777777777778,0.27888922441446984,0.10634096682242193,0.7404444444444443,0.37739793530342747,0.33647694051296684,0.8386835927776266,0.5022066522646598,0.8410594117906857,0.8410594117906857,0.6370291555207351,0.8497819873904804,0.9931931580362209,11.154727217893228,10.525637438018112,6.0,0.06666666666666667,0.12835961583593464,0.011594411259106398,0.4666666666666667,0.06265418169570598,0.055799799808541856,0.40847104085909247,0.2292959764013434,0.774478868111833,0.774478868111833,0.4164104389298135,0.8,0.965,8.504926877545625,7.8813150850258324,13.0,0.14444444444444443,0.42256067989485174,0.23534052868036173,1.011111111111111,0.8083453674011915,0.7291924279669378,1.3968734801391725,0.8617718942985738,0.8989731459767313,0.8989731459767313,0.7999999999999999,0.9087059913581526,1.0,14.521434896576332,13.847730283018155
Scheduled charging,16,8.0,20:00,90,11.58,0.12866666666666668,0.3860039536544467,0.06695473775366945,0.9006666666666666,0.5439571704693134,0.503982920577995,1.1402707334497855,0.6362878128717905,0.8141913919820912,0.8141913919820913,0.5760644014121018,0.8218727734113268,0.9928080181336945,12.541830036206632,11.834606255930431,8.0,0.08888888888888889,0.2116211395529236,0.0,0.6222222222222222,0.15022254652169476,0.15022254652169476,0.6636773137773075,0.3574866636465072,0.7426412844854992,0.7426412844854992,0.362440139243112,0.7911137134233976,0.9564805363532826,10.055428791852624,9.528523959977914,15.0,0.16666666666666666,0.5581565899048947,0.17931042502278652,1.1666666666666667,0.9980611292748177,0.9249514767745924,1.771872663856051,1.0086121845983527,0.8724873540453488,0.8724873540453489,0.7499294081156338,0.890470847735382,1.0,14.862789336497725,14.110852292810854
Scheduled charging,17,8.5,20:30,90,14.535,0.16149999999999998,0.48099601736063624,0.050509607773317165,1.1305,0.6358721037632056,0.6092239235635215,1.42185925474745,0.8126353311839286,0.8240554947675842,0.8240554947675842,0.6034539561601495,0.8325234301539136,0.9942528563370707,12.594217941177165,11.867620141203702,10.0,0.1111111111111111,0.2933141872332312,0.0,0.7777777777777778,0.22292629670000536,0.20481706201033154,0.8414638174701742,0.4988585993053623,0.7701080415861468,0.7701080415861469,0.41155455813019404,0.7997642792057766,0.9590639057828865,10.779469886832167,10.192460379393399,19.0,0.2111111111111111,0.7053733519635955,0.13837496922755127,1.4777777777777779,1.1221123856872446,1.079391000752659,2.0461057552956214,1.2016270193614689,0.8714517398881721,0.8714517398881723,0.7456261035222762,0.8922177839180307,1.0,13.977122823377579,13.354603861615072
Scheduled charging,18,9.0,21:00,90,20.7,0.23,0.7505265441325047,0.038549623938449414,1.61,1.059213626411637,1.0395781083189404,2.1357622176198325,1.0961841093008922,0.8000174953872612,0.8000174953872612,0.563608138861229,0.8050842227406606,0.9944310793850366,12.603159230307545,11.821915563985783,16.0,0.17777777777777778,0.5238213849410649,0.0,1.2444444444444445,0.5000274658717385,0.4776929701695621,1.417492138184496,0.7490636207155806,0.7490743257172338,0.7490743257172339,0.3573494789390733,0.7689434072834965,0.9571453825670209,11.371965338743463,10.676577695825447,24.0,0.26666666666666666,0.974673694380058,0.12283350313966651,1.8666666666666667,1.7948301010101546,1.7331810090095965,3.034030139797358,1.5032019539508548,0.8432072720171893,0.8432072720171894,0.6977058786468864,0.85,1.0,13.479777071154796,12.684049290805648
Scheduled charging,19,9.5,21:30,90,24.145,0.2682777777777778,0.7733063331346939,0.03201404340048596,1.8779444444444444,1.0794533143158715,1.0678022629946071,2.547298822896337,1.4794965599017298,0.808660735903671,0.808660735903671,0.5779525934296449,0.8081747466166095,0.9952476808224472,12.180482923217532,11.491578012664988,19.0,0.2111111111111111,0.5250152213129956,0.0,1.4777777777777779,0.4766648950314732,0.4766648950314732,1.7222081555178574,1.0848870755799038,0.7690484562646147,0.7690484562646147,0.39063477141105507,0.7968597655819154,0.9594722186377082,11.291090179902994,10.550327028803183,28.0,0.3111111111111111,1.0371320179057124,0.10911715643226902,2.1777777777777776,1.7216573364079633,1.7111128063904295,3.4309680460831227,1.934626483917169,0.8465571288633075,0.8465571288633074,0.72081279339824,0.85,1.0,12.822019154416589,12.196452098029997
Scheduled charging,20,10.0,22:00,90,28.3,0.3144444444444444,0.7933899487155618,0.026152485074132786,2.201111111111111,1.1304746362054063,1.1191407407997227,2.9643168554567056,1.8451761146569832,0.821501672814036,0.821501672814036,0.5940319580019984,0.81809685927972,0.9975338925253925,12.123748459961549,11.463491868825894,24.0,0.26666666666666666,0.5294739967245149,0.0,1.8666666666666667,0.5297991681561159,0.5297991681561159,2.158199443796108,1.3491842559729148,0.7887469901124905,0.7887469901124905,0.42896977126440794,0.8,0.9813397175068453,11.356106429908964,10.744774478552214,33.0,0.36666666666666664,1.0761085234971028,0.09019144836208169,2.566666666666667,1.776452670038942,1.776452670038942,3.807617355991494,2.3643141500030684,0.854494967721891,0.8544949677218908,0.7320610128590596,0.851429890818538,1.0,12.827412204331559,12.099904028941308
Scheduled charging,21,10.5,22:30,90,33.025,0.3669444444444444,0.9127387717893692,0.018942330499308584,2.5686111111111107,1.3772989700654898,1.3666756289971178,3.623683789446974,2.257008160449856,0.8177587500554901,0.8177587500554901,0.5767064857913089,0.817072208320445,0.9985126296368162,11.911563184071749,11.248418449205722,29.0,0.32222222222222224,0.6334324593453321,0.0,2.2555555555555555,0.7283626268378168,0.7283626268378168,2.618571942452242,1.7211399949235493,0.7816462584542853,0.7816462584542851,0.4043461174229469,0.8,0.9896173095513268,11.287079148215549,10.550806135210477,38.0,0.4222222222222222,1.2433813293769926,0.07777777777777775,2.9555555555555557,2.1439631952750586,2.0813159896526687,4.649868855957209,2.89275232376716,0.8488278067456406,0.8488278067456406,0.6975836493739833,0.85,1.0,12.437300178425701,11.886563115637708
Scheduled charging,22,11.0,23:00,90,38.33,0.4258888888888889,1.0302749222945002,0.011385176889293852,2.981222222222222,1.4543159826292293,1.4495371749503454,4.191371538284119,2.741834363333773,0.820143244430354,0.8201432444303539,0.5915273636354867,0.8161063265166265,0.9991427219512697,11.748417433155293,11.154885018370118,33.0,0.36666666666666664,0.7502639714391112,0.0,2.566666666666667,0.7987001925017861,0.758972648063501,3.16636193799495,2.1267370748148218,0.7912734458847337,0.7912734458847339,0.4373963996378213,0.8,1.0,11.23499401847652,10.551100596808691,43.0,0.4777777777777778,1.327114354114363,0.07777777777777775,3.3444444444444446,2.2520911401937207,2.2520911401937207,5.556645458046175,3.4247547073788414,0.8461466240126976,0.8461466240126974,0.7056784021936897,0.85,1.0,12.269076345547344,11.693029660114531
Scheduled charging,23,11.5,23:30,90,43.69,0.48544444444444446,1.0718320456121466,0.010864316303226483,3.3981111111111115,1.3657581690007825,1.360269618580035,4.629238185543693,3.268968566963659,0.8271685615730052,0.8271685615730052,0.6271638197502303,0.8198481635113446,0.9994638115015817,11.218362688162498,10.736426264242338,39.0,0.43333333333333335,0.780828211563701,0.0,3.033333333333333,0.6718898027134528,0.6609097590469329,3.5566091480507307,2.5717718394280005,0.8043721855375031,0.804372185537503,0.48904588071780597,0.8,0.9996053020480796,10.771795459652415,10.208570828277702,50.0,0.5555555555555556,1.3969547440949968,0.07777777777777775,3.888888888888889,2.1001912069364903,2.1001912069364903,5.8240007326882255,4.067429430626608,0.8510971898969648,0.8510971898969646,0.7285316368586706,0.85,1.0,11.599755051573673,11.162198895541112
Scheduled charging,24,12.0,00:00,90,46.845,0.5205,0.9342403970138914,0.012316332535782966,3.6435000000000004,1.2420064447325856,1.2387437877580674,5.009553329699199,3.7708095419411314,0.831833745285132,0.8318337452851319,0.6361277407775652,0.8242059164417397,0.9996085150812057,10.700130794404158,10.299971830133352,41.0,0.45555555555555555,0.647773586791737,0.0,3.188888888888889,0.5588525140749809,0.5588525140749809,3.7748134864334584,3.0151348462299064,0.8078826992011855,0.8078826992011854,0.509509260794057,0.8,0.9999822679198448,10.273252731520301,9.818270539284498,53.0,0.5888888888888889,1.2776405177721444,0.07777777777777775,4.122222222222222,2.059457265089546,2.0536157194511135,6.266577417846939,4.6495939163568325,0.8538897829276573,0.8538897829276569,0.7303337688973266,0.85,1.0,11.160512860985401,10.799357531561212
Scheduled charging,25,12.5,00:30,90,50.385,0.5598333333333333,0.8677363042920697,0.0162110112169577,3.918833333333333,1.1494917543208636,1.1462290973463454,5.349786541102819,4.203557443756474,0.8333655596647764,0.8333655596647763,0.6343970477444723,0.8277688294474591,0.9997730027680484,10.265760970135215,9.928283293464307,45.0,0.5,0.5474038421720802,0.0,3.5,0.5244027297807783,0.5244027297807783,4.142522698293686,3.3777635184215122,0.8099383342812795,0.8099383342812793,0.4922327951580373,0.8,1.0,9.856717349184992,9.474187223017868,56.0,0.6222222222222222,1.1803843097075637,0.07777777777777775,4.355555555555555,1.8735028549210615,1.8635148405168676,6.699185064644123,5.2208018288703215,0.8526386797893044,0.8526386797893043,0.7346371732933821,0.8532058998854112,1.0,10.655920192440902,10.350008801696237
Scheduled charging,26,13.0,01:00,90,53.53,0.5947777777777777,0.7938635494007493,0.021684643542184422,4.163444444444444,1.0603800565378205,1.0571173995633023,5.676437848563162,4.61932044899986,0.83738293031532,0.8373829303153199,0.6439233809132149,0.8334749186334249,0.999829621837526,9.788093065777703,9.488932416468122,48.0,0.5333333333333333,0.4939423688517003,0.0,3.7333333333333334,0.4606561008742176,0.4606561008742176,4.365729790362489,3.6648300991488947,0.8127979736198486,0.8127979736198486,0.5190901605668439,0.8,1.0,9.40906620055494,9.10382392188908,60.0,0.6666666666666666,1.0896783428204542,0.07777777777777785,4.666666666666667,1.810981079985497,1.8047503293181013,7.0529056993119825,5.666006613172767,0.855652558707753,0.855652558707753,0.7385246992196339,0.8637006254895421,1.0,10.136886754949275,9.841240737278536
Scheduled charging,27,13.5,01:30,90,55.86,0.6206666666666667,0.7268707336286708,0.02824154759829395,4.344666666666666,0.9777231944399025,0.974263072348421,5.949393359327101,4.975130286978681,0.8388850737099267,0.8388850737099266,0.6529804476988672,0.8315853421430703,0.999881894720366,9.32657811714514,9.066530116207057,50.0,0.5555555555555556,0.43978765009260234,0.0,3.888888888888889,0.4287200512992831,0.4287200512992831,4.621511435930727,3.954512817690618,0.818322836305472,0.8183228363054716,0.5556567671604156,0.8,1.0,8.955486368300486,8.677629813119589,62.0,0.6888888888888889,1.0293704880338435,0.08304070850142015,4.822222222222222,1.6718792154659743,1.6718792154659743,7.310498087028946,6.044686939833857,0.8538501064493269,0.8538501064493266,0.7376991890796776,0.85,1.0,9.674855468109838,9.43596905219744
Scheduled charging,28,14.0,02:00,90,60.67,0.6741111111111111,0.8084880175019439,0.037821332014560755,4.7187777777777775,1.1854647678542825,1.182178363105829,6.527625677032168,5.345447313926339,0.833371528111505,0.8333715281115047,0.6401176100101493,0.8221648351600531,0.9998557461542609,8.841597443072214,8.563666248620349,55.0,0.6111111111111112,0.5508080991334329,0.0,4.277777777777778,0.6529391114361206,0.6529391114361206,5.342285022282302,4.309269813809431,0.814850483997807,0.8148504839978066,0.548243499505459,0.8,1.0,8.510505730705217,8.202336891007686,67.0,0.7444444444444445,1.0950460856755464,0.1535011672885005,5.211111111111111,1.8985889296705822,1.855898394280904,7.987296306700467,6.478108270204218,0.8477036726990443,0.8477036726990442,0.729261370159189,0.85,1.0,9.169418313649318,8.901477471592226
Scheduled charging,29,14.5,02:30,90,62.0,0.6888888888888889,0.685801045104663,0.05473132075564177,4.822222222222222,0.9586994008757833,0.9554367439012652,6.663499961347856,5.7080632174465915,0.8378173166819888,0.8378173166819884,0.6597492188177505,0.8266680915440926,0.9998375,8.319009949566457,8.100879588799408,56.0,0.6222222222222222,0.4314609686417404,0.0,4.355555555555555,0.43297058579357356,0.43297058579357356,5.5086150163777035,4.649861715285249,0.8195111911376213,0.819511191137621,0.5791506948866278,0.8,1.0,7.9937265715329735,7.759809670701431,68.0,0.7555555555555555,0.9535816424839337,0.1555555555555555,5.288888888888889,1.5835568511192024,1.5784094279422454,8.160256696031068,6.935431454215095,0.8506933661496099,0.8506933661496093,0.7358630600570367,0.85,1.0,8.630801352147124,8.438703537829277
Scheduled charging,30,15.0,03:00,90,62.615,0.6957222222222222,0.5297452878181204,0.08527368696279547,4.870055555555555,0.7721678284296776,0.7683965979180668,6.744490160677896,5.976093562759828,0.8419672348675351,0.8419672348675349,0.6830115636746005,0.8301809357971591,0.9998375,7.80983289945129,7.637121102101585,56.0,0.6222222222222222,0.321653255284735,0.0,4.355555555555555,0.2594390740839216,0.2594390740839216,5.51758203947396,4.864920977232625,0.8268311274775716,0.8268311274775713,0.594956210184616,0.8,1.0,7.482380972654837,7.305715790752599,69.0,0.7666666666666667,0.771342722779443,0.22970820224392555,5.366666666666666,1.3238456189562322,1.3092302353863472,8.347706117032216,7.220977216514766,0.8549307064085013,0.8549307064085008,0.75,0.85,1.0,8.122608507961061,7.988225338440065
Scheduled charging,31,15.5,03:30,90,63.1,0.7011111111111111,0.41794483159165524,0.12374565961952061,4.907777777777778,0.6370446254119894,0.6316946612795273,6.786748420380857,6.155053759101329,0.8447415874615496,0.8447415874615493,0.6983336903594868,0.8340801980339458,0.999825,7.304915395509808,7.163855922390045,57.0,0.6333333333333333,0.21109981469480085,0.0,4.433333333333334,0.13965417327036447,0.13965417327036447,5.55766738017047,5.111057894243739,0.8301052788854665,0.830105278885466,0.6043348081237842,0.8,1.0,6.982380972654838,6.848638863858652,69.0,0.7666666666666667,0.6470732537215108,0.27608404160167616,5.366666666666666,1.2071171999374803,1.2000846508528307,8.335427578690075,7.399543526900677,0.8578161390205811,0.8578161390205806,0.75,0.85,1.0,7.609613193500459,7.491316017653773
Scheduled charging,32,16.0,04:00,90,64.685,0.7187222222222222,0.4035714283118563,0.17240061069799575,5.031055555555556,0.6979304418632253,0.6854790342777616,6.971235226919237,6.285756192641475,0.8452282234834141,0.8452282234834136,0.7016774476424287,0.8354910875213583,0.9998125,6.806244126308274,6.647500088441603,59.0,0.6555555555555556,0.20530547204273072,0.0,4.588888888888889,0.22012780377413702,0.22012780377413702,5.779087092606745,5.2200185132069725,0.8330359694900941,0.8330359694900936,0.625,0.8,1.0,6.486779986862132,6.332871032581982,71.0,0.7888888888888889,0.6460071336992629,0.35130759255144706,5.522222222222222,1.188210946722701,1.1395841073509092,8.413688532911134,7.501478675457347,0.8572297857720248,0.8572297857720245,0.75,0.85,1.0,7.109613193500459,6.977165374405696
Scheduled charging,33,16.5,04:30,90,65.545,0.7282777777777778,0.37518910891007556,0.23488628006106305,5.097944444444444,0.627593889003111,0.6103883879086696,6.991208827727392,6.380820439818722,0.8464481616109921,0.8464481616109917,0.7090528635506685,0.8360181008039426,0.9998742393727659,6.328596197541551,6.18940543075813,59.0,0.6555555555555556,0.1959654181760408,0.05617657180667991,4.588888888888889,0.20198390369725147,0.20198390369725147,5.842235979740185,5.301049891594869,0.8357888210716905,0.8357888210716901,0.6177364699418644,0.8,1.0,6.0152839495707235,5.8398465735930305,72.0,0.8,0.592616437740432,0.43018665547653795,5.6,1.1816601437658842,1.136310161843075,8.34357364211491,7.580680204479007,0.8585633092889614,0.8585633092889612,0.75,0.85,1.0,6.634279240153949,6.5015101513842835
Scheduled charging,34,17.0,05:00,90,65.485,0.7276111111111111,0.3034629287436579,0.30484622524977045,5.093277777777778,0.47396265280263417,0.45667296838672505,6.873397738729753,6.416724770343027,0.8492413155359861,0.8492413155359856,0.7242772528823687,0.83763248740745,0.9999535482440167,5.851948268095896,5.7466172407033875,59.0,0.6555555555555556,0.1555555555555555,0.10363121502379283,4.588888888888889,0.11436763629763153,0.11285844285121187,5.769565618397594,5.371423402748286,0.8387807324220687,0.8387807324220683,0.6465774336856749,0.8,1.0,5.538575143230803,5.39083785846596,72.0,0.8,0.47388584202428363,0.5345283673380635,5.6,0.9763679562222407,0.9177401898836425,8.20557504785126,7.6527143498975745,0.8605619569904747,0.860561956990474,0.75,0.85,1.0,6.145123039751862,6.07287575313403
Scheduled charging,35,17.5,05:30,90,65.69,0.7298888888888889,0.26535138136763214,0.41111105347765176,5.109222222222222,0.4620073892648343,0.42802272067470104,6.809643970534581,6.38162124985988,0.8503370803645086,0.8503370803645081,0.7323383975594429,0.8387439774904192,1.0,5.375792192953828,5.262529165509664,59.0,0.6555555555555556,0.11073591684229836,0.19454164893640763,4.588888888888889,0.10085497600449256,0.10085497600449256,5.700973374882093,5.345478446367811,0.8390478496217874,0.8390478496217868,0.6848903891999647,0.8,1.0,5.074004829951201,4.941112726169425,72.0,0.8,0.4100800921203617,0.6425202961510327,5.6,0.9308580597993757,0.8580101184143832,8.055794645986278,7.6249722386600975,0.8609469445439762,0.8609469445439757,0.75,0.85,1.0,5.686767605260957,5.585855855716265
Scheduled charging,36,18.0,06:00,90,66.425,0.7380555555555556,0.2536010962938779,0.5780737878389105,5.166388888888889,0.4457115632668709,0.38561702026811306,6.653043894415356,6.267426874147243,0.8512277455318105,0.8512277455318099,0.7357946610018784,0.840406269126284,1.0,4.844405851172797,4.73706041157308,60.0,0.6666666666666666,0.12460404127509332,0.3160183233242821,4.666666666666667,0.09909108444251737,0.09909108444251737,5.579143077595046,5.2925077144637225,0.8395128461895882,0.8395128461895878,0.6952805783816064,0.8,1.0,4.551837911816222,4.410257242779564,73.0,0.8111111111111111,0.39628543504007663,0.8414535242947797,5.677777777777778,0.8470882038122716,0.7495256745114087,7.898615063129551,7.422921508224153,0.8603039586809593,0.860303958680959,0.75,0.85,1.0,5.154988043889399,5.054597123239934
Scheduled charging,37,18.5,06:30,90,66.115,0.7346111111111111,0.20151496319137915,0.7553438232111594,5.142277777777777,0.3326048041266427,0.2719891218745259,6.319388222753221,6.047399100878695,0.8538247303805443,0.8538247303805437,0.743333002872982,0.8438224356199737,1.0,4.366509085057654,4.28453375111723,59.0,0.6555555555555556,0.07777777777777775,0.47796071618499136,4.588888888888889,0.04504606276171437,0.04504606276171437,5.347945981485641,5.060852068116233,0.8432555110553639,0.8432555110553636,0.7043327603373755,0.8,1.0,4.060240884244089,3.967393204323769,72.0,0.8,0.34628026205315415,1.0548444125814922,5.6,0.688096171197815,0.5654964493800744,7.537039006024928,7.1369283719349585,0.862131853723053,0.8621318537230527,0.75,0.85,1.0,4.654988043889399,4.616789112368017
Scheduled charging,38,19.0,07:00,90,64.88,0.7208888888888889,0.15542595486911853,0.8903460193694364,5.046222222222222,0.24396670751065033,0.18399638694410128,5.907636171150196,5.723639784206096,0.8552114237265287,0.8552114237265284,0.7475063466755866,0.8451671438555082,1.0,3.9453618412065596,3.883029283767632,58.0,0.6444444444444445,0.03471147269921864,0.6213104798691348,4.511111111111111,0.003353154692055146,0.003353154692055146,4.958187096856614,4.779365448298498,0.8444348189749985,0.8444348189749982,0.7224999999999999,0.8,1.0,3.653588049260347,3.5849588025870975,71.0,0.7888888888888889,0.2926754119430662,1.199417461589451,5.522222222222222,0.5587412996297846,0.4020461294079353,7.02104582616967,6.761221731697623,0.8639422955722679,0.8639422955722674,0.75,0.85,1.0,4.253385167034601,4.202731014431364
Scheduled charging,39,19.5,07:30,90,62.155,0.6906111111111112,0.1172184883095058,1.0399703362149344,4.834277777777778,0.1760620058943583,0.11704447326949692,5.428596880516592,5.311552407247095,0.8536547412820005,0.853654741282,0.7485567759238575,0.8370965754336082,1.0,3.6108895599277315,3.5634637800266473,56.0,0.6222222222222222,0.0,0.7538558860243189,4.355555555555555,0.0,0.0,4.516339963238311,4.436430037343017,0.8420255478098936,0.8420255478098931,0.735,0.8,1.0,3.2903831535723347,3.253867914343578,68.0,0.7555555555555555,0.23333333333333325,1.3475535111022583,5.288888888888889,0.4824370114304265,0.2918531057959725,6.391068662820838,6.28009963264447,0.8620307430143641,0.8620307430143637,0.75,0.85,1.0,3.883914720602703,3.837862230701162
Scheduled charging,40,20.0,08:00,90,60.075,0.6675,0.08017199091915765,1.2288557504105513,4.6725,0.1191454418642161,0.07189791095190345,4.860274057882098,4.788376146930194,0.8537548922642284,0.853754892264228,0.7488792097272337,0.8311446768352081,1.0,3.230699557137726,3.196946832836015,54.0,0.6,0.0,0.8910601218109728,4.2,0.0,0.0,3.987274555622252,3.9370043401368573,0.843372444887311,0.8433724448873108,0.7375,0.8,1.0,2.905264681479353,2.8838007294947476,66.0,0.7333333333333333,0.18496206673686288,1.6175288760607363,5.133333333333334,0.3827072075866374,0.20469024188265267,5.743070715476676,5.626361933569389,0.8620689655172413,0.862068965517241,0.7500608318807197,0.85,1.0,3.5484380899040007,3.5097082580684877
Scheduled charging,41,20.5,08:30,90,54.895,0.6099444444444445,0.05845977749080786,1.3020259389939184,4.269611111111111,0.07834322707679528,0.044820534290757344,4.233702941946766,4.188882407656009,0.8539978000367087,0.8539978000367084,0.7532274429441342,0.8223976383813079,1.0,3.0230784197194023,2.998124727675909,49.0,0.5444444444444444,0.0,0.9795087673024588,3.811111111111111,0.0,0.0,3.4410204356592766,3.428551393046176,0.8433920786758737,0.8433920786758735,0.7346658994215925,0.8,1.0,2.6835437638851025,2.681799613261312,61.0,0.6777777777777778,0.15660687772359688,1.668923228476835,4.7444444444444445,0.29284900251940515,0.14386957219332783,5.040761463997111,5.009817616335437,0.8634615384615385,0.8634615384615382,0.79,0.85,1.0,3.3341274166281143,3.322023166515545
Scheduled charging,42,21.0,09:00,90,47.725,0.5302777777777777,0.044370002896851786,1.3196887877138466,3.7119444444444447,0.053010783019318775,0.02770904387231407,3.5757549597970755,3.548045915924762,0.848038245454466,0.8480382454544659,0.7539969467904238,0.8101121465069872,0.9999768302454433,2.9587789367395554,2.940089605227536,42.0,0.4666666666666667,0.0,1.012448302236863,3.2666666666666666,0.0,0.0,2.8897726340774295,2.872628854046383,0.8372093023255814,0.8372093023255814,0.725,0.8,1.0,2.5582939781380882,2.540441474202882,54.0,0.6,0.14181331956016116,1.6736680113253166,4.2,0.23832835943724393,0.10282199342694286,4.2771589928136535,4.275473386918419,0.8597427787645258,0.8597427787645257,0.8,0.85,1.0,3.2928015228520753,3.2781417804879758
Scheduled charging,43,21.5,09:30,90,42.055,0.46727777777777774,0.033622758375264995,1.2869422029475777,3.2709444444444444,0.040759013119224245,0.02248320352499917,2.9424710040243167,2.9199878004993174,0.8476392035776579,0.8476392035776577,0.7523938842836772,0.8105497699592378,0.9998999999999999,2.8568444181944357,2.841593012919127,37.0,0.4111111111111111,0.0,0.9633887495339205,2.8777777777777778,0.0,0.0,2.33455094983339,2.286801389454295,0.837818977511519,0.8378189775115187,0.7115185168736169,0.8,1.0,2.4613982729020663,2.424939716409792,47.0,0.5222222222222223,0.13375035679569386,1.5918028720960138,3.6555555555555554,0.19943947054835504,0.1009868620477657,3.595072014059071,3.595072014059071,0.8576923076923076,0.8576923076923074,0.8,0.85,1.0,3.2432302270621065,3.2432302270621065
Scheduled charging,44,22.0,10:00,90,33.79,0.37544444444444447,0.024213688889087565,0.9633830446815778,2.6281111111111115,0.02471980554897627,0.01769473571270144,2.3525227246466396,2.3348279889339385,0.8530390244743572,0.8530390244743573,0.7468572250914781,0.8281561357036284,1.0,3.0147620609872505,3.002155116271851,29.0,0.32222222222222224,0.0,0.70750597021637,2.2555555555555555,0.0,0.0,1.7443709460247252,1.7415625549117961,0.8400353699357289,0.8400353699357288,0.6994987929820861,0.8,1.0,2.5482207894435076,2.5121343403269014,40.0,0.4444444444444444,0.08279391466499092,1.1940152476437254,3.111111111111111,0.14108140036055763,0.10640634639206682,2.9523275401324915,2.9485948120798846,0.865625,0.865625,0.7858106006127136,0.85,1.0,3.475300668706594,3.475300668706594
Scheduled charging,45,22.5,10:30,90,26.62,0.29577777777777775,0.028374675548070435,0.584092126416008,2.0704444444444445,0.030638664270119537,0.019027322674608133,2.0040893249731138,1.9850620022985055,0.8655831540966277,0.8655831540966277,0.7574393487402618,0.8538959876102779,1.0,3.311706519756527,3.2925304383170504,22.0,0.24444444444444444,0.0,0.42854364912298,1.711111111111111,0.0,0.0,1.4328500686817611,1.4009472344872307,0.848,0.8480000000000001,0.7002830048207133,0.85,1.0,2.8504894076338636,2.8083833773612166,31.0,0.34444444444444444,0.10608075891451502,0.7922947206740394,2.411111111111111,0.19594834379810958,0.10219251147166876,2.588140392940385,2.5716210824450263,0.88,0.88,0.8,0.9,1.0,3.73714969085354,3.73714969085354
Scheduled charging,46,23.0,11:00,90,23.635,0.2626111111111111,0.03666233258735498,0.4250981658485998,1.838277777777778,0.040430256760793766,0.025955146347315883,1.7786589978655558,1.75270385151824,0.8683619199615119,0.8683619199615119,0.7481081382182553,0.8652759359150392,0.99995,3.2728690633843858,3.2451224045484883,20.0,0.2222222222222222,0.0,0.25856888743390605,1.5555555555555556,0.0,0.0,1.2291729584473132,1.2207729706323331,0.8510829315916837,0.8510829315916836,0.6304282629778609,0.85,1.0,2.7863157358377175,2.743805255581376,27.0,0.3,0.13453046945085517,0.5911250389852833,2.1,0.2311708048810804,0.1574596450813446,2.3285420115827486,2.3109159035301983,0.8862621694275253,0.8862621694275252,0.8,0.9,1.0,3.7193805840354512,3.6942267561642956
Scheduled charging,47,23.5,11:30,90,21.275,0.2363888888888889,0.04471974461130168,0.3592732358915208,1.6547222222222222,0.04686067831174932,0.03083472652963124,1.6193931188461212,1.58855839231649,0.8630530220504602,0.8630530220504602,0.738965353779344,0.8588275853076139,0.9995238243176198,3.1895468293978997,3.154053033895318,18.0,0.2,0.0,0.20344485918778704,1.4,0.0,0.0,1.1489735596592063,1.1167731431620005,0.844784820517813,0.844784820517813,0.6171157203094906,0.825,1.0,2.7000769596550445,2.6586915576742474,25.0,0.2777777777777778,0.13531775714527797,0.5357785193757304,1.9444444444444444,0.21712784723643594,0.14362473442795332,2.119858473198682,2.119858473198682,0.8833353242561951,0.8833353242561953,0.7975000000000001,0.9,1.0,3.6354547642346877,3.6247111891257027
